ID	Nivel	Curso_Min	Titulo_Problema	Funciones	Tipos_Item	JSON_Reto	Fuente	Zona_Gris	Activo
LB_0001	medio	3E	¿Por qué a veces el que hace la acción va detrás del verbo?	Sujeto;NP	intruso;manipulacion;juicio;analisis_inverso;etiqueta_prueba	{"schema_version":"1.0","id":"LB_0001","nivel":"medio","titulo_problema":"¿Por qué a veces el que hace la acción va detrás del verbo?","corpus":["María trajo el libro.","Trajo María el libro."],"items":[{"tipo":"intruso","oraciones":["Trajo María el libro.","Llegó el paquete.","Compró Ana un regalo.","Ana compró un regalo temprano."],"respuesta":"Ana compró un regalo temprano.","feedback":"Las tres primeras empiezan por la acción y traen el que la hace justo detrás; la última rompe ese patrón: empieza por quien hace la acción."},{"tipo":"manipulacion","manipulacion":"mueve","oracion":"María trajo el libro.","objetivo":{"texto":"María","funcion":"Sujeto"},"opciones":[{"texto":"Trajo María el libro.","ok":true,"micro":"El orden cambia pero el que trae el libro sigue siendo el mismo: sigue funcionando."},{"texto":"María el libro trajo.","ok":false,"micro":"Este orden rompe la oración: en español no se coloca así."}]},{"tipo":"juicio","oracion":"Los alumnos llega tarde.","veredicto":"agramatical","causa":"concordancia_sv","opciones_causa":["concordancia_sv","transitividad","orden_imposible"],"gemela_correcta":"Los alumnos llegan tarde.","explicacion":"El verbo tiene que ir en el mismo número que el elemento que controla su forma: \"los alumnos\" es plural y \"llega\" está en singular.","fuente_id":"PM-SINT-02"},{"tipo":"analisis_inverso","consigna":"Construye una oración donde el que hace la acción aparezca detrás del verbo.","piezas":["Llegó","el paquete","ayer","contento"],"slots":[{"rol":"NP","acepta":["Llegó"]},{"rol":"Sujeto","acepta":["el paquete"]}],"fuente_id":"AI-SINT-08"},{"tipo":"etiqueta_prueba","oracion":"María trajo el libro.","objetivo":{"texto":"María","funcion":"Sujeto"},"prueba_id":"PRU-SINT-SUJ-01","distractores":["PRU-SINT-CD-01","HEUR-QUIEN"],"enunciado":"tecnico"}],"zona_gris":false,"metadatos":{"curso_min":"3E"}}	R-07 PM-SINT-01	FALSE	TRUE
LB_0002	medio	3E	¿Por qué a veces hay que cambiar dos palabras y no una sola?	Sujeto	que_cambia;manipulacion;juicio;etiqueta_prueba	{"schema_version":"1.0","id":"LB_0002","nivel":"medio","titulo_problema":"¿Por qué a veces hay que cambiar dos palabras y no una sola?","corpus":["La profesora explica la lección.","Las profesoras explican la lección."],"items":[{"tipo":"que_cambia","oracion_a":"La profesora explica la lección.","oracion_b":"Las profesoras explican la lección.","cambio":"La profesora → Las profesoras","opciones":[{"texto":"También ha cambiado la palabra que dice la acción.","ok":true,"micro":"Van juntos: si uno pasa a plural, el otro le sigue obligatoriamente."},{"texto":"No ha cambiado nada más.","ok":false,"micro":"Fíjate en 'explica' → 'explican': ha cambiado con él."}]},{"tipo":"manipulacion","manipulacion":"cambia_numero","oracion":"La profesora explica la lección.","objetivo":{"texto":"La profesora","funcion":"Sujeto"},"opciones":[{"texto":"Las profesoras explican la lección.","ok":true,"micro":"Al poner en plural quien hace la acción, el verbo cambia con él: \"explica\" pasa a \"explican\"."},{"texto":"Las profesoras explica la lección.","ok":false,"micro":"El verbo se ha quedado en singular y no puede: tiene que seguir al plural."}]},{"tipo":"juicio","oracion":"Los niños juega en el patio.","veredicto":"agramatical","causa":"concordancia_sv","opciones_causa":["concordancia_sv","transitividad"],"gemela_correcta":"Los niños juegan en el patio.","explicacion":"\"Los niños\" es plural, así que el verbo tiene que ir también en plural: \"juegan\", no \"juega\"."},{"tipo":"juicio","oracion":"Los alumnos llegaron temprano.","veredicto":"gramatical","explicacion":"El plural \"los alumnos\" y el plural \"llegaron\" van a juego: no hay nada que corregir."},{"tipo":"etiqueta_prueba","oracion":"Las profesoras explican la lección.","objetivo":{"texto":"Las profesoras","funcion":"Sujeto"},"prueba_id":"PRU-SINT-SUJ-01","distractores":["PRU-SINT-CD-01","HEUR-QUIEN","HEUR-COMO"],"enunciado":"tecnico"}],"zona_gris":false,"metadatos":{"origen_ud":"UD-D-3E-sint S3","curso_min":"3E"}}	R-07 PM-SINT-02	FALSE	TRUE
LB_0003	medio	3E	¿Tiene que aparecer siempre por escrito quien hace la acción?	Sujeto	que_cambia;manipulacion;juicio;etiqueta_prueba	{"schema_version":"1.0","id":"LB_0003","nivel":"medio","titulo_problema":"¿Tiene que aparecer siempre por escrito quien hace la acción?","corpus":["Pedro llegó tarde.","Llegué tarde."],"items":[{"tipo":"que_cambia","oracion_a":"Pedro llegó tarde.","oracion_b":"Llegué tarde.","cambio":"Pedro llegó → Llegué","opciones":[{"texto":"En la segunda ya no hace falta nombrar quién llega: el propio verbo ya lo dice.","ok":true,"micro":"La terminación \"-é\" ya avisa de que quien llega soy \"yo\"; por eso no hace falta escribirlo."},{"texto":"En la segunda ya no hay nadie que llegue.","ok":false,"micro":"Sigue habiendo alguien que llega: solo que no está escrito, porque el verbo ya lo indica."}]},{"tipo":"manipulacion","manipulacion":"suprime","oracion":"Pedro llegó tarde.","objetivo":{"texto":"Pedro","funcion":"Sujeto"},"opciones":[{"texto":"Sigue funcionando (queda \"Llegó tarde\").","ok":true,"micro":"La oración sigue en pie: el verbo ya lleva la marca de quién actúa, aunque no esté escrito."},{"texto":"El verbo queda cojo.","ok":false,"micro":"No es el caso aquí: el verbo no necesita nada más para funcionar."},{"texto":"Cambia de significado.","ok":false,"micro":"El significado no cambia: sigue hablando de la misma persona, ahora sin nombrarla."}]},{"tipo":"juicio","oracion":"Nosotros llegamos tarde ayer.","veredicto":"gramatical","explicacion":"\"Nosotros\" y \"llegamos\" concuerdan en persona y número: no hay error."},{"tipo":"juicio","oracion":"Vosotros llegó tarde.","veredicto":"agramatical","causa":"concordancia_sv","opciones_causa":["concordancia_sv","orden_imposible"],"gemela_correcta":"Vosotros llegasteis tarde.","explicacion":"\"Vosotros\" pide la persona \"vosotros\" del verbo; \"llegó\" está en otra persona distinta."},{"tipo":"etiqueta_prueba","oracion":"Llegué tarde.","objetivo":{"texto":"Llegué","funcion":"Sujeto"},"prueba_id":"PRU-SINT-SUJ-01","distractores":["HEUR-QUIEN","PRU-SINT-CD-01"],"enunciado":"simple"}],"zona_gris":false,"metadatos":{"curso_min":"3E"}}	R-07 PM-SINT-03	FALSE	TRUE
LB_0004	medio	3E	¿Qué pasa con el verbo cuando son dos los que hacen la acción?	Sujeto	que_cambia;manipulacion;juicio;etiqueta_prueba	{"schema_version":"1.0","id":"LB_0004","nivel":"medio","titulo_problema":"¿Qué pasa con el verbo cuando son dos los que hacen la acción?","corpus":["Ana canta.","Ana y Luis cantan."],"items":[{"tipo":"que_cambia","oracion_a":"Ana canta.","oracion_b":"Ana y Luis cantan.","cambio":"Ana → Ana y Luis","opciones":[{"texto":"El verbo pasa a plural porque ahora son dos.","ok":true,"micro":"Sumar a alguien más obliga al verbo a ir en plural, igual que si contáramos personas."},{"texto":"El verbo se queda igual.","ok":false,"micro":"Fíjate en 'canta' → 'cantan': si no cambiara, la oración quedaría rota."}]},{"tipo":"manipulacion","manipulacion":"sustituye","oracion":"Ana y Luis cantan.","objetivo":{"texto":"Ana y Luis","funcion":"Sujeto"},"opciones":[{"texto":"Ellos cantan.","ok":true,"micro":"El pronombre de varias personas, \"ellos\", ocupa el mismo lugar y mantiene el plural del verbo."},{"texto":"Él canta.","ok":false,"micro":"Un pronombre de una sola persona no puede sustituir a dos personas juntas."}]},{"tipo":"juicio","oracion":"Ana y Luis canta en el coro.","veredicto":"agramatical","causa":"concordancia_sv","opciones_causa":["concordancia_sv","transitividad"],"gemela_correcta":"Ana y Luis cantan en el coro.","explicacion":"Dos personas sumadas forman un plural, y el verbo tiene que seguirlo."},{"tipo":"etiqueta_prueba","oracion":"Ana y Luis cantan en el coro.","objetivo":{"texto":"Ana y Luis","funcion":"Sujeto"},"prueba_id":"PRU-SINT-SUJ-01","distractores":["HEUR-QUIEN","PRU-SINT-CC-01"],"enunciado":"tecnico"}],"zona_gris":false,"metadatos":{"curso_min":"3E"}}	R-07 PM-SINT-04	FALSE	TRUE
LB_0005	medio	3E	¿El que hace la acción siempre va al principio de la oración?	Sujeto	intruso;manipulacion;juicio;etiqueta_prueba	{"schema_version":"1.0","id":"LB_0005","nivel":"medio","titulo_problema":"¿El que hace la acción siempre va al principio de la oración?","corpus":["Los estudiantes trabajan en la biblioteca.","En la biblioteca trabajan muchos estudiantes."],"items":[{"tipo":"intruso","oraciones":["Los estudiantes trabajan en la biblioteca.","Los profesores corrigen exámenes.","Los alumnos entregan sus trabajos.","En la biblioteca trabajan muchos estudiantes."],"respuesta":"En la biblioteca trabajan muchos estudiantes.","feedback":"Las tres primeras empiezan por quien hace la acción; la última empieza por un dato de lugar y deja a quien actúa para el final."},{"tipo":"manipulacion","manipulacion":"cambia_numero","oracion":"En la biblioteca trabajan muchos estudiantes.","objetivo":{"texto":"muchos estudiantes","funcion":"Sujeto"},"opciones":[{"texto":"En la biblioteca trabaja mucho estudiante.","ok":false,"micro":"No es una forma natural: al poner esta palabra en singular hay que cambiar también el determinante (\"un estudiante\"), no solo el verbo."},{"texto":"En la biblioteca trabaja un estudiante.","ok":true,"micro":"Aunque esté al final, sigue siendo quien controla el verbo: al ponerlo en singular, el verbo le sigue."}]},{"tipo":"juicio","oracion":"En la biblioteca trabaja muchos estudiantes.","veredicto":"agramatical","causa":"concordancia_sv","opciones_causa":["concordancia_sv","orden_imposible"],"gemela_correcta":"En la biblioteca trabajan muchos estudiantes.","explicacion":"Aunque \"muchos estudiantes\" esté al final, sigue siendo la palabra que decide la forma del verbo: tiene que ir en plural."},{"tipo":"etiqueta_prueba","oracion":"En la biblioteca trabajan muchos estudiantes.","objetivo":{"texto":"muchos estudiantes","funcion":"Sujeto"},"prueba_id":"PRU-SINT-SUJ-01","distractores":["PRU-SINT-CC-01","HEUR-QUIEN"],"enunciado":"tecnico"}],"zona_gris":false,"metadatos":{"curso_min":"3E"}}	R-07 PM-SINT-05	FALSE	TRUE
LB_0006	medio	3E	¿Cambia algo si lo que recibe la acción es una persona?	CD;Sujeto;NP	que_cambia;manipulacion;juicio;analisis_inverso;etiqueta_prueba	{"schema_version":"1.0","id":"LB_0006","nivel":"medio","titulo_problema":"¿Cambia algo si lo que recibe la acción es una persona?","corpus":["Miriam lee el periódico.","Miriam llama a su hermano."],"items":[{"tipo":"que_cambia","oracion_a":"Miriam lee el periódico.","oracion_b":"Miriam llama a su hermano.","cambio":"el periódico → a su hermano","opciones":[{"texto":"Aparece una palabra nueva delante, porque ahora es una persona.","ok":true,"micro":"Cuando lo que recibe la acción es una persona concreta, en español se le antepone 'a'."},{"texto":"No cambia nada más que el significado.","ok":false,"micro":"Fíjate: aparece la palabra 'a' delante de 'su hermano' y no delante de 'el periódico'."}]},{"tipo":"manipulacion","manipulacion":"sustituye","oracion":"Miriam llama a su hermano.","objetivo":{"texto":"a su hermano","funcion":"CD"},"opciones":[{"texto":"Miriam lo llama.","ok":true,"micro":"Aunque lleve 'a' delante, sigue siendo lo que recibe la acción: se sustituye igual que 'el periódico'."},{"texto":"Miriam le llama.","ok":false,"micro":"Ese pronombre es el de otra función distinta; aquí lo que recibe la acción se sustituye por 'lo'."}]},{"tipo":"juicio","oracion":"Avisaron a la policía.","veredicto":"gramatical","explicacion":"La oración es correcta: quien recibe la acción de avisar es una persona (la policía), y por eso lleva \"a\" delante."},{"tipo":"analisis_inverso","consigna":"Construye una oración con quien hace la acción, seguido del verbo y de lo que recibe la acción.","piezas":["Miriam","lee","el periódico","ayer"],"slots":[{"rol":"Sujeto","acepta":["Miriam"]},{"rol":"NP","acepta":["lee"]},{"rol":"CD","acepta":["el periódico"]}],"fuente_id":"AI-SINT-01"},{"tipo":"etiqueta_prueba","oracion":"Miriam llama a su hermano.","objetivo":{"texto":"a su hermano","funcion":"CD"},"prueba_id":"PRU-SINT-CD-01","distractores":["HEUR-PREP-A","PRU-SINT-CI-01"],"enunciado":"tecnico"}],"zona_gris":false,"metadatos":{"curso_min":"3E"}}	R-07 PM-SINT-06	FALSE	TRUE
LB_0007	medio	3E	¿Puede una sola letra cambiar quién hace la acción y quién la recibe?	CD	que_cambia;manipulacion;juicio;par_minimo;etiqueta_prueba	{"schema_version":"1.0","id":"LB_0007","nivel":"medio","titulo_problema":"¿Puede una sola letra cambiar quién hace la acción y quién la recibe?","corpus":["Se detuvo el ladrón.","Se detuvo al ladrón."],"items":[{"tipo":"que_cambia","oracion_a":"Se detuvo el ladrón.","oracion_b":"Se detuvo al ladrón.","cambio":"el ladrón → al ladrón","opciones":[{"texto":"Cambia quién hace la acción y quién la recibe, no solo una palabra suelta.","ok":true,"micro":"Con 'el ladrón' es él quien se detiene solo; con 'al ladrón' es otro quien lo detiene a él."},{"texto":"Solo cambia una preposición, el resto sigue igual.","ok":false,"micro":"No es un cambio pequeño: con 'al' pasa de ser quien actúa a ser quien recibe la acción."}]},{"tipo":"manipulacion","manipulacion":"sustituye","oracion":"Se detuvo al ladrón.","objetivo":{"texto":"al ladrón","funcion":"CD"},"opciones":[{"texto":"Se lo detuvo.","ok":true,"micro":"Lo que recibe la acción se sustituye por 'lo', igual que cualquier otro caso de esta función."},{"texto":"Se le detuvo.","ok":false,"micro":"Ese pronombre corresponde a otra función; aquí lo que recibe la acción pide 'lo'."}]},{"tipo":"juicio","oracion":"Se detuvo el ladrón corriendo.","veredicto":"gramatical","explicacion":"La oración es correcta: \"el ladrón\" es quien hace la acción de detenerse él mismo."},{"tipo":"par_minimo","oracion_a":"Se detuvo el ladrón.","oracion_b":"Se detuvo al ladrón.","cambio":"el ladrón → al ladrón","opciones":[{"texto":"Sujeto → CD","ok":true,"micro":"Sin la 'a', 'el ladrón' es quien hace la acción; con 'al', pasa a ser quien la recibe."},{"texto":"CD → CI","ok":false,"micro":"Ninguna de las dos versiones tiene CI: aquí se juega entre quien actúa y quien recibe la acción."}],"fuente_id":"PM-SINT-07"},{"tipo":"etiqueta_prueba","oracion":"Se detuvo al ladrón.","objetivo":{"texto":"al ladrón","funcion":"CD"},"prueba_id":"PRU-SINT-CD-01","distractores":["HEUR-PREP-A","PRU-SINT-CI-01","HEUR-QUIEN"],"enunciado":"tecnico"}],"zona_gris":false,"metadatos":{"curso_min":"3E"}}	R-07 PM-SINT-07	FALSE	TRUE
LB_0008	medio	3E	¿Se puede confundir lo que se come con la cantidad que se come?	CD	que_cambia;manipulacion;juicio;etiqueta_prueba	{"schema_version":"1.0","id":"LB_0008","nivel":"medio","titulo_problema":"¿Se puede confundir lo que se come con la cantidad que se come?","corpus":["Marcos come pizza.","Marcos come mucho."],"items":[{"tipo":"que_cambia","oracion_a":"Marcos come pizza.","oracion_b":"Marcos come mucho.","cambio":"pizza → mucho","opciones":[{"texto":"Una nombra lo que se come; la otra dice solo cuánto, sin decir qué.","ok":true,"micro":"'Pizza' responde a qué come; 'mucho' no dice qué come, solo en qué cantidad."},{"texto":"Las dos dicen exactamente lo mismo con otras palabras.","ok":false,"micro":"'Mucho' no dice qué se come, solo cuánto: son informaciones distintas."}]},{"tipo":"manipulacion","manipulacion":"sustituye","oracion":"Marcos come pizza.","objetivo":{"texto":"pizza","funcion":"CD"},"opciones":[{"texto":"Marcos la come.","ok":true,"micro":"Lo que recibe la acción se sustituye por 'la'."},{"texto":"Marcos come mucho.","ok":false,"micro":"Esto no sustituye la palabra: cambia la pregunta de qué come a cuánto come."}]},{"tipo":"juicio","oracion":"Marcos comen pizza.","veredicto":"agramatical","causa":"concordancia_sv","opciones_causa":["concordancia_sv","transitividad"],"gemela_correcta":"Marcos come pizza.","explicacion":"\"Marcos\" es una sola persona y el verbo está en plural: no concuerdan."},{"tipo":"etiqueta_prueba","oracion":"Marcos come pizza.","objetivo":{"texto":"pizza","funcion":"CD"},"prueba_id":"PRU-SINT-CD-01","distractores":["PRU-SINT-CC-01","HEUR-QUIEN"],"enunciado":"tecnico"}],"zona_gris":false,"metadatos":{"curso_min":"3E"}}	R-07 PM-SINT-08	FALSE	TRUE
LB_0009	medio	3E	¿Todos los verbos aceptan que algo reciba su acción?	CD	que_cambia;manipulacion;juicio;etiqueta_prueba	{"schema_version":"1.0","id":"LB_0009","nivel":"medio","titulo_problema":"¿Todos los verbos aceptan que algo reciba su acción?","corpus":["Pedro limpió la casa.","Pedro salió temprano."],"items":[{"tipo":"que_cambia","oracion_a":"Pedro limpió la casa.","oracion_b":"Pedro salió temprano.","cambio":"limpió la casa → salió temprano","opciones":[{"texto":"El primer verbo admite algo detrás que recibe su acción; el segundo, no.","ok":true,"micro":"'Limpiar' pide algo que se limpie; 'salir' no admite ese tipo de complemento."},{"texto":"Los dos verbos funcionan exactamente igual.","ok":false,"micro":"Prueba a añadir detrás de 'salió' algo que reciba directamente la acción: no hay forma natural de hacerlo."}]},{"tipo":"manipulacion","manipulacion":"suprime","oracion":"Pedro limpió la casa.","objetivo":{"texto":"la casa","funcion":"CD"},"opciones":[{"texto":"El verbo queda cojo (queda \"Pedro limpió\", incompleto).","ok":true,"micro":"'Limpiar' pide casi siempre algo que se limpie: sin ello, la acción queda coja."},{"texto":"Sigue funcionando igual.","ok":false,"micro":"No es el caso: sin ese complemento, la oración se siente incompleta."},{"texto":"Cambia de significado.","ok":false,"micro":"No cambia de significado, sino que queda incompleta."}]},{"tipo":"juicio","oracion":"Pedro salió la casa.","veredicto":"agramatical","causa":"transitividad","opciones_causa":["transitividad","concordancia_sv","orden_imposible"],"gemela_correcta":"Pedro salió de la casa.","explicacion":"\"Salir\" no admite algo detrás que reciba directamente la acción: hace falta una preposición (\"de la casa\").","fuente_id":"PM-SINT-09"},{"tipo":"etiqueta_prueba","oracion":"Pedro limpió la casa.","objetivo":{"texto":"la casa","funcion":"CD"},"prueba_id":"PRU-SINT-CD-01","distractores":["PRU-SINT-CI-01","HEUR-QUIEN"],"enunciado":"tecnico"}],"zona_gris":false,"metadatos":{"curso_min":"3E"}}	R-07 PM-SINT-09	FALSE	TRUE
LB_0010	medio	3E	¿A dónde va lo que recibe la acción cuando le damos la vuelta a la oración?	CD	que_cambia;manipulacion;juicio;etiqueta_prueba	{"schema_version":"1.0","id":"LB_0010","nivel":"medio","titulo_problema":"¿A dónde va lo que recibe la acción cuando le damos la vuelta a la oración?","corpus":["El cocinero prepara el menú.","El menú es preparado por el cocinero."],"items":[{"tipo":"que_cambia","oracion_a":"El cocinero prepara el menú.","oracion_b":"El menú es preparado por el cocinero.","cambio":"El cocinero prepara el menú → El menú es preparado por el cocinero","opciones":[{"texto":"Lo que antes recibía la acción pasa a ir al principio y a controlar el verbo.","ok":true,"micro":"'El menú' pasa de recibir la acción a ir delante y decidir el número del verbo: 'es preparado'."},{"texto":"Todo sigue funcionando exactamente igual, solo cambia el orden.","ok":false,"micro":"No es solo orden: 'el menú' ahora controla la concordancia del verbo, antes no lo hacía."}]},{"tipo":"manipulacion","manipulacion":"transforma","oracion":"El cocinero prepara el menú.","objetivo":{"texto":"el menú","funcion":"CD"},"opciones":[{"texto":"El menú es preparado por el cocinero.","ok":true,"micro":"Lo que recibía la acción pasa a ir delante y el verbo cambia de forma: es la señal de que era ese elemento."},{"texto":"El cocinero es preparado por el menú.","ok":false,"micro":"Aquí se ha cambiado quién hace y quién recibe la acción, y el sentido queda al revés."}]},{"tipo":"juicio","oracion":"El menú son preparado por el cocinero.","veredicto":"agramatical","causa":"concordancia_sv","opciones_causa":["concordancia_sv","transitividad"],"gemela_correcta":"El menú es preparado por el cocinero.","explicacion":"\"El menú\" es singular y el verbo \"son\" está en plural: no concuerdan."},{"tipo":"etiqueta_prueba","oracion":"El cocinero prepara el menú.","objetivo":{"texto":"el menú","funcion":"CD"},"prueba_id":"PRU-SINT-CD-01","distractores":["PRU-SINT-CAG-01","HEUR-QUIEN"],"enunciado":"tecnico"}],"zona_gris":false,"metadatos":{"curso_min":"3E"}}	R-07 PM-SINT-10	FALSE	TRUE
LB_0011	medio	3E	¿'A' siempre marca lo mismo delante de una persona?	CI	que_cambia;manipulacion;juicio;par_minimo;etiqueta_prueba	{"schema_version":"1.0","id":"LB_0011","nivel":"medio","titulo_problema":"¿'A' siempre marca lo mismo delante de una persona?","corpus":["Escribió una carta a su amiga.","Escribió una carta para su amiga.","El profesor explicó la lección a sus alumnos."],"items":[{"tipo":"que_cambia","oracion_a":"Escribió una carta a su amiga.","oracion_b":"Escribió una carta para su amiga.","cambio":"a su amiga → para su amiga","opciones":[{"texto":"Cambia la palabra que sustituye a \"su amiga\" y también si se puede mover.","ok":true,"micro":"Con 'a' el trozo se sustituye por 'le' y no se mueve fácilmente; con 'para' se sustituye distinto y sí se puede desplazar."},{"texto":"No cambia nada salvo el significado.","ok":false,"micro":"Sí cambia el comportamiento: prueba a sustituir 'su amiga' por 'le' en las dos versiones."}]},{"tipo":"manipulacion","manipulacion":"sustituye","oracion":"Escribió una carta a su amiga.","objetivo":{"texto":"a su amiga","funcion":"CI"},"opciones":[{"texto":"Le escribió una carta.","ok":true,"micro":"Este trozo se sustituye por 'le', y ese es precisamente el rasgo que lo distingue."},{"texto":"La escribió una carta.","ok":false,"micro":"'La' es el pronombre de otra función; aquí ya está ocupada por 'una carta'."},{"texto":"La escribió a ello.","ok":false,"micro":"'eso/ello' con la preposición pegada al verbo es la prueba de otra función distinta."}]},{"tipo":"juicio","oracion":"María la escribió una carta a Juan.","veredicto":"agramatical","causa":"pronombre_cruzado","opciones_causa":["pronombre_cruzado","concordancia_sv","regimen_prep"],"gemela_correcta":"María le escribió una carta a Juan.","explicacion":"Cada función tiene su propio pronombre: 'a Juan' pide 'le', no 'la' (que es de otra función).","fuente_id":"PM-SINT-35"},{"tipo":"par_minimo","oracion_a":"Escribió una carta a su amiga.","oracion_b":"Escribió una carta para su amiga.","cambio":"a → para","opciones":[{"texto":"CI → CC Finalidad","ok":true,"micro":"Con 'para' nunca hay CI: 'le' ya no funciona y el trozo se puede desplazar."},{"texto":"CI → CD","ok":false,"micro":"El elemento que recibe directamente la acción sigue siendo 'una carta' en las dos versiones."}],"fuente_id":"PM-SINT-11"},{"tipo":"etiqueta_prueba","oracion":"Escribió una carta a su amiga.","objetivo":{"texto":"a su amiga","funcion":"CI"},"prueba_id":"PRU-SINT-CI-01","distractores":["PRU-SINT-CD-01","HEUR-PARA-QUIEN","HEUR-PREP-A"],"enunciado":"tecnico"}],"zona_gris":false,"metadatos":{"origen_ud":"UD-D-3E-sint S3","curso_min":"3E","origen_oracion_id":"El profesor explicó la lección a sus alumnos."}}	R-07 PM-SINT-11	FALSE	TRUE
LB_0012	medio	3E	¿La misma preposición puede llevar a dos sitios distintos de la oración?	CI	que_cambia;manipulacion;juicio;etiqueta_prueba	{"schema_version":"1.0","id":"LB_0012","nivel":"medio","titulo_problema":"¿La misma preposición puede llevar a dos sitios distintos de la oración?","corpus":["Envié el paquete a María.","Envié el paquete a Madrid."],"items":[{"tipo":"que_cambia","oracion_a":"Envié el paquete a María.","oracion_b":"Envié el paquete a Madrid.","cambio":"a María → a Madrid","opciones":[{"texto":"Una se puede sustituir por \"le\" y la otra no.","ok":true,"micro":"'A María' se sustituye por 'le' porque es una persona que recibe algo; 'a Madrid' no admite ese pronombre."},{"texto":"Las dos se comportan exactamente igual.","ok":false,"micro":"Prueba a decir 'le envié el paquete' con cada una: solo funciona con una de ellas."}]},{"tipo":"manipulacion","manipulacion":"sustituye","oracion":"Envié el paquete a María.","objetivo":{"texto":"a María","funcion":"CI"},"opciones":[{"texto":"Le envié el paquete.","ok":true,"micro":"Este trozo se sustituye por 'le': señal de que es esta función."},{"texto":"Allí envié el paquete.","ok":false,"micro":"'Allí' sustituye datos de lugar, no personas que reciben algo."}]},{"tipo":"juicio","oracion":"Le envié el paquete a Madrid.","veredicto":"gramatical","explicacion":"La oración es correcta: aquí 'le' no sustituye a 'Madrid' (que es un lugar y no admite ese pronombre), sino que se refiere a otra persona no nombrada; 'a Madrid' sigue siendo solo el destino del envío."},{"tipo":"etiqueta_prueba","oracion":"Envié el paquete a María.","objetivo":{"texto":"a María","funcion":"CI"},"prueba_id":"PRU-SINT-CI-01","distractores":["PRU-SINT-CC-01","HEUR-PARA-QUIEN"],"enunciado":"tecnico"}],"zona_gris":false,"metadatos":{"curso_min":"3E"}}	R-07 PM-SINT-12	FALSE	TRUE
LB_0013	medio	3E	¿Por qué a veces se dice 'se lo' en vez de 'le lo'?	CI	que_cambia;manipulacion;juicio;etiqueta_prueba	{"schema_version":"1.0","id":"LB_0013","nivel":"medio","titulo_problema":"¿Por qué a veces se dice 'se lo' en vez de 'le lo'?","corpus":["Entregó un ramo a su profesora.","Les expliqué la duda a los alumnos.","Los voluntarios repartieron mantas a las personas sin hogar."],"items":[{"tipo":"que_cambia","oracion_a":"Entregó un ramo a su profesora.","oracion_b":"Entregó un ramo a sus profesoras.","cambio":"a su profesora → a sus profesoras","opciones":[{"texto":"El pronombre que sustituye ese trozo también pasa a plural.","ok":true,"micro":"'Le' se convierte en 'les' cuando lo que sustituye está en plural."},{"texto":"El pronombre se queda igual en las dos.","ok":false,"micro":"No es así: si el trozo pasa a plural, su pronombre también lo hace."}]},{"tipo":"manipulacion","manipulacion":"sustituye","oracion":"Entregó un ramo a su profesora.","objetivo":{"texto":"a su profesora","funcion":"CI"},"opciones":[{"texto":"Se lo entregó.","ok":true,"micro":"Delante de 'lo', el pronombre 'le' se convierte en 'se': es la forma que evita decir 'le lo'."},{"texto":"Le lo entregó.","ok":false,"micro":"'Le lo' no existe en español: delante de lo/la/los/las, le/les pasa siempre a ser 'se'."},{"texto":"Lo entregó.","ok":false,"micro":"Falta el pronombre de esta función: 'a su profesora' sigue presente y necesita el suyo propio."}]},{"tipo":"juicio","oracion":"Les expliqué la duda a los alumnos.","veredicto":"gramatical","explicacion":"La oración es correcta: \"les\" concuerda en plural con \"a los alumnos\"."},{"tipo":"juicio","oracion":"Le expliqué la duda a los alumnos.","veredicto":"agramatical","causa":"concordancia_sv","opciones_causa":["concordancia_sv","pronombre_cruzado"],"gemela_correcta":"Les expliqué la duda a los alumnos.","explicacion":"\"A los alumnos\" está en plural, así que el pronombre que lo anuncia también tiene que ir en plural: \"les\", no \"le\".","fuente_id":"PM-SINT-13"},{"tipo":"etiqueta_prueba","oracion":"Entregó un ramo a su profesora.","objetivo":{"texto":"a su profesora","funcion":"CI"},"prueba_id":"PRU-SINT-CI-01","distractores":["PRU-SINT-CD-01","HEUR-PARA-QUIEN"],"enunciado":"tecnico"}],"zona_gris":false,"metadatos":{"curso_min":"3E","origen_oracion_id":"Los voluntarios repartieron mantas a las personas sin hogar."}}	R-07 PM-SINT-13	FALSE	TRUE
LB_0014	medio	3E	Con verbos como "gustar", ¿quién manda en el verbo?	Sujeto;CI	que_cambia;manipulacion;juicio;par_minimo;etiqueta_prueba	{"schema_version":"1.0","id":"LB_0014","nivel":"medio","titulo_problema":"Con verbos como \"gustar\", ¿quién manda en el verbo?","corpus":["A Elena le gusta el chocolate.","A Elena le gustan los chocolates."],"items":[{"tipo":"que_cambia","oracion_a":"A Elena le gusta el chocolate.","oracion_b":"A Elena le gustan los chocolates.","cambio":"el chocolate → los chocolates","opciones":[{"texto":"El verbo cambia de número, pero \"le\" no.","ok":true,"micro":"'El chocolate/los chocolates' es quien controla el número del verbo; 'a Elena' se queda igual porque es otra función distinta."},{"texto":"El verbo se queda igual y \"le\" es quien cambia.","ok":false,"micro":"Es al revés: fíjate en 'gusta' → 'gustan'; 'le' no varía con el número de lo que gusta."}]},{"tipo":"manipulacion","manipulacion":"cambia_numero","oracion":"A Elena le gusta el chocolate.","objetivo":{"texto":"el chocolate","funcion":"Sujeto"},"opciones":[{"texto":"A Elena le gustan los chocolates.","ok":true,"micro":"Este trozo es quien controla el verbo: al ponerlo en plural, el verbo le sigue, aunque esté al final de la oración."},{"texto":"A Elena le gusta los chocolates.","ok":false,"micro":"El verbo no ha seguido el cambio y debería, porque de él depende su forma."}]},{"tipo":"juicio","oracion":"A Elena les gusta el chocolate.","veredicto":"agramatical","causa":"concordancia_sv","opciones_causa":["concordancia_sv","pronombre_cruzado"],"gemela_correcta":"A Elena le gusta el chocolate.","explicacion":"\"A Elena\" es una sola persona: le corresponde \"le\", no \"les\"."},{"tipo":"par_minimo","oracion_a":"A Elena le gusta el chocolate.","oracion_b":"A Elena le gustan los chocolates.","cambio":"el chocolate → los chocolates","opciones":[{"texto":"El número del verbo cambia con \"los chocolates\", no con \"a Elena\".","ok":true,"micro":"Quien controla el número del verbo aquí es 'los chocolates', y por eso 'gustan' pasa a plural."},{"texto":"El número del verbo cambia con \"a Elena\".","ok":false,"micro":"'A Elena' no varía entre las dos oraciones, así que no puede ser quien controla el cambio del verbo."}]},{"tipo":"etiqueta_prueba","oracion":"A Elena le gusta el chocolate.","objetivo":{"texto":"A Elena","funcion":"CI"},"prueba_id":"PRU-SINT-CI-01","distractores":["HEUR-QUIEN","PRU-SINT-SUJ-01"],"enunciado":"tecnico"}],"zona_gris":false,"metadatos":{"curso_min":"3E"}}	R-07 PM-SINT-14	FALSE	TRUE
LB_0015	medio	3E	¿La misma preposición lleva siempre a la misma función?	C.Rég.	que_cambia;manipulacion;juicio;etiqueta_prueba	{"schema_version":"1.0","id":"LB_0015","nivel":"medio","titulo_problema":"¿La misma preposición lleva siempre a la misma función?","corpus":["Habla de sus vacaciones.","Habla a sus amigos."],"items":[{"tipo":"que_cambia","oracion_a":"Habla de sus vacaciones.","oracion_b":"Habla a sus amigos.","cambio":"de sus vacaciones → a sus amigos","opciones":[{"texto":"Cambia la palabra por la que se sustituye ese trozo, y si la preposición se queda pegada al hacerlo.","ok":true,"micro":"Con 'de sus vacaciones' la preposición se queda pegada al sustituir ('habla de ello'); con 'a sus amigos' desaparece ('les habla')."},{"texto":"Las dos se comportan exactamente igual.","ok":false,"micro":"Prueba a sustituir cada trozo: en una la preposición se queda, en la otra no."}]},{"tipo":"manipulacion","manipulacion":"sustituye","oracion":"Habla de sus vacaciones.","objetivo":{"texto":"de sus vacaciones","funcion":"C.Rég."},"opciones":[{"texto":"Habla de ello.","ok":true,"micro":"Se sustituye por 'eso/ello' y la preposición se queda pegada al verbo: es la prueba de esta función."},{"texto":"Lo habla.","ok":false,"micro":"Esa sustitución hace desaparecer la preposición, y aquí no puede desaparecer."},{"texto":"Le habla.","ok":false,"micro":"Ese pronombre corresponde a otra función, la de quien recibe algo."}]},{"tipo":"juicio","oracion":"Los chicos habla de sus vacaciones.","veredicto":"agramatical","causa":"concordancia_sv","opciones_causa":["concordancia_sv","regimen_prep"],"gemela_correcta":"Los chicos hablan de sus vacaciones.","explicacion":"\"Los chicos\" es plural y el verbo está en singular: no concuerdan."},{"tipo":"etiqueta_prueba","oracion":"Habla de sus vacaciones.","objetivo":{"texto":"de sus vacaciones","funcion":"C.Rég."},"prueba_id":"PRU-SINT-CREG-01","distractores":["PRU-SINT-CD-01","HEUR-DE-QUE"],"enunciado":"tecnico"}],"zona_gris":false,"metadatos":{"curso_min":"3E"}}	R-07 PM-SINT-27	FALSE	TRUE
LB_0016	medio	3E	¿Se puede confundir lo que se necesita con aquello de lo que se depende?	C.Rég.	que_cambia;manipulacion;juicio;etiqueta_prueba	{"schema_version":"1.0","id":"LB_0016","nivel":"medio","titulo_problema":"¿Se puede confundir lo que se necesita con aquello de lo que se depende?","corpus":["Necesito ayuda.","Dependo de ti."],"items":[{"tipo":"que_cambia","oracion_a":"Necesito ayuda.","oracion_b":"Dependo de ti.","cambio":"Necesito ayuda → Dependo de ti","opciones":[{"texto":"Uno se sustituye por \"lo/la\" y el otro no puede.","ok":true,"micro":"'Ayuda' se sustituye por 'la' ('la necesito'); 'de ti' no admite esa sustitución."},{"texto":"Los dos se sustituyen exactamente igual.","ok":false,"micro":"Prueba a decir 'lo dependo': no funciona, así que no se comportan igual."}]},{"tipo":"manipulacion","manipulacion":"suprime","oracion":"Dependo de ti.","objetivo":{"texto":"de ti","funcion":"C.Rég."},"opciones":[{"texto":"El verbo queda cojo (queda \"Dependo\", incompleto).","ok":true,"micro":"'Depender' pide casi siempre de qué o de quién: sin ello, la acción queda coja."},{"texto":"Sigue funcionando igual.","ok":false,"micro":"No es el caso: sin ese complemento, la oración se siente incompleta."},{"texto":"Cambia de significado.","ok":false,"micro":"No cambia de significado, sino que queda incompleta."}]},{"tipo":"juicio","oracion":"Dependo a ti.","veredicto":"agramatical","causa":"regimen_prep","opciones_causa":["regimen_prep","pronombre_cruzado"],"gemela_correcta":"Dependo de ti.","explicacion":"\"Depender\" exige siempre la preposición \"de\": no se puede cambiar por otra."},{"tipo":"etiqueta_prueba","oracion":"Dependo de ti.","objetivo":{"texto":"de ti","funcion":"C.Rég."},"prueba_id":"PRU-SINT-CREG-01","distractores":["PRU-SINT-CD-01","HEUR-DE-QUE"],"enunciado":"tecnico"}],"zona_gris":false,"metadatos":{"curso_min":"3E"}}	R-07 PM-SINT-28	FALSE	TRUE
LB_0017	medio	3E	¿Se puede cambiar la preposición que pide un verbo por otra parecida?	C.Rég.	intruso;manipulacion;juicio;etiqueta_prueba	{"schema_version":"1.0","id":"LB_0017","nivel":"medio","titulo_problema":"¿Se puede cambiar la preposición que pide un verbo por otra parecida?","corpus":["El examen consiste en dos partes."],"items":[{"tipo":"intruso","oraciones":["El examen consiste en dos partes.","La receta consiste en pocos ingredientes.","Su plan consiste en ahorrar cada mes.","El examen consiste de dos partes."],"respuesta":"El examen consiste de dos partes.","feedback":"Las tres primeras usan la preposición que este verbo exige siempre; la última la cambia por otra y deja de sonar bien."},{"tipo":"manipulacion","manipulacion":"sustituye","oracion":"El examen consiste en dos partes.","objetivo":{"texto":"en dos partes","funcion":"C.Rég."},"opciones":[{"texto":"El examen consiste en eso.","ok":true,"micro":"Se sustituye por 'eso/ello' y la preposición se queda pegada al verbo."},{"texto":"El examen lo consiste.","ok":false,"micro":"Esa sustitución hace desaparecer la preposición, y aquí no puede desaparecer."},{"texto":"El examen consiste de eso.","ok":false,"micro":"Esta preposición no es la que exige este verbo."}]},{"tipo":"juicio","oracion":"El examen consiste de dos partes.","veredicto":"agramatical","causa":"regimen_prep","opciones_causa":["regimen_prep","pronombre_cruzado"],"gemela_correcta":"El examen consiste en dos partes.","explicacion":"\"Consistir\" exige siempre la preposición \"en\": cambiarla por otra rompe la oración.","fuente_id":"PM-SINT-29"},{"tipo":"etiqueta_prueba","oracion":"El examen consiste en dos partes.","objetivo":{"texto":"en dos partes","funcion":"C.Rég."},"prueba_id":"PRU-SINT-CREG-01","distractores":["PRU-SINT-CD-01","HEUR-DE-QUE"],"enunciado":"tecnico"}],"zona_gris":false,"metadatos":{"curso_min":"3E"}}	R-07 PM-SINT-29	FALSE	TRUE
LB_0018	medio	3E	¿Todo lo que empieza por preposición se puede quitar igual de fácil?	C.Rég.;CC Tiempo	intruso;manipulacion;juicio;etiqueta_prueba	{"schema_version":"1.0","id":"LB_0018","nivel":"medio","titulo_problema":"¿Todo lo que empieza por preposición se puede quitar igual de fácil?","corpus":["Hablaron de política toda la tarde."],"items":[{"tipo":"intruso","oraciones":["Hablaron toda la tarde.","Hablaron esta mañana.","Hablaron ayer.","Hablaron de política."],"respuesta":"Hablaron de política.","feedback":"Las tres primeras se pueden quitar sin que la oración se resienta; la última no es tan libre: 'de política' es el tema del que se habla, y ese es precisamente el que se sustituye por 'de eso' (no por un simple 'entonces', como los datos de tiempo)."},{"tipo":"manipulacion","manipulacion":"sustituye","oracion":"Hablaron de política toda la tarde.","objetivo":{"texto":"de política","funcion":"C.Rég."},"opciones":[{"texto":"Hablaron de eso toda la tarde.","ok":true,"micro":"Se sustituye por 'eso/ello' y la preposición se queda pegada al verbo: es la prueba de esta función."},{"texto":"Lo hablaron toda la tarde.","ok":false,"micro":"Esa sustitución hace desaparecer la preposición, y aquí no puede desaparecer."},{"texto":"Hablaron entonces toda la tarde.","ok":false,"micro":"Ese adverbio sustituye datos de tiempo, no el tema del que se habla."}]},{"tipo":"manipulacion","manipulacion":"suprime","oracion":"Hablaron de política toda la tarde.","objetivo":{"texto":"toda la tarde","funcion":"CC Tiempo"},"opciones":[{"texto":"Sigue funcionando (queda \"Hablaron de política\").","ok":true,"micro":"Este trozo se puede quitar sin que el verbo se resienta: no es imprescindible."},{"texto":"El verbo queda cojo.","ok":false,"micro":"No es el caso: el verbo funciona perfectamente sin este añadido."},{"texto":"Cambia de significado.","ok":false,"micro":"El significado central no cambia, solo se pierde el dato de cuánto tiempo duró."}]},{"tipo":"juicio","oracion":"Hablaron de política toda la tarde.","veredicto":"gramatical","explicacion":"La oración es correcta: \"de política\" es el complemento fijo de este verbo (se sustituye por \"de eso\", con la preposición pegada) y \"toda la tarde\" es un dato añadido que se puede quitar sin más; los dos están bien colocados."},{"tipo":"etiqueta_prueba","oracion":"Hablaron de política toda la tarde.","objetivo":{"texto":"de política","funcion":"C.Rég."},"prueba_id":"PRU-SINT-CREG-01","distractores":["PRU-SINT-CC-01","HEUR-DE-QUE"],"enunciado":"tecnico"}],"zona_gris":false,"metadatos":{"curso_min":"3E"}}	propio (banco de reflexión, ejemplo C.Rég.)	FALSE	TRUE
LB_0019	medio	3E	¿Es lo mismo decir cómo es alguien que decir cómo está?	Atr.	que_cambia;manipulacion;juicio;etiqueta_prueba	{"schema_version":"1.0","id":"LB_0019","nivel":"medio","titulo_problema":"¿Es lo mismo decir cómo es alguien que decir cómo está?","corpus":["Mi abuelo es tranquilo.","Mi abuelo está tranquilo.","El médico parece muy simpático."],"items":[{"tipo":"que_cambia","oracion_a":"Mi abuelo es tranquilo.","oracion_b":"Mi abuelo está tranquilo.","cambio":"es → está","opciones":[{"texto":"Cambia si se habla de cómo es siempre o de cómo está en ese momento.","ok":true,"micro":"'Es' describe una cualidad permanente; 'está' describe un estado pasajero."},{"texto":"No cambia nada salvo el verbo.","ok":false,"micro":"El significado sí cambia: una habla de su forma de ser, la otra de su estado en ese momento."}]},{"tipo":"manipulacion","manipulacion":"sustituye","oracion":"Mi abuelo es tranquilo.","objetivo":{"texto":"tranquilo","funcion":"Atr."},"opciones":[{"texto":"Mi abuelo lo es.","ok":true,"micro":"Se sustituye por 'lo' neutro, invariable, y solo con este tipo de verbo."},{"texto":"Mi abuelo la es.","ok":false,"micro":"Esta forma variable pertenece a otra función; la de aquí siempre es 'lo', nunca cambia."}]},{"tipo":"juicio","oracion":"Mi abuelo es tranquilos.","veredicto":"agramatical","causa":"concordancia_atr","opciones_causa":["concordancia_atr","concordancia_sv"],"gemela_correcta":"Mi abuelo es tranquilo.","explicacion":"Esta palabra tiene que concordar en número con quien la lleva: \"mi abuelo\" es singular, así que ella también."},{"tipo":"etiqueta_prueba","oracion":"Mi abuelo es tranquilo.","objetivo":{"texto":"tranquilo","funcion":"Atr."},"prueba_id":"PRU-SINT-ATR-01","distractores":["PRU-SINT-CPVO-01","HEUR-COMO"],"enunciado":"tecnico"}],"zona_gris":false,"metadatos":{"curso_min":"3E","origen_oracion_id":"El médico parece muy simpático."}}	R-07 PM-SINT-19	FALSE	TRUE
LB_0020	medio	3E	¿Se puede quitar siempre el mismo tipo de dato de lugar?	Atr. Loc.;CC Lugar	que_cambia;manipulacion;juicio;etiqueta_prueba	{"schema_version":"1.0","id":"LB_0020","nivel":"medio","titulo_problema":"¿Se puede quitar siempre el mismo tipo de dato de lugar?","corpus":["Juan está en casa.","Juan trabaja en casa."],"items":[{"tipo":"que_cambia","oracion_a":"Juan está en casa.","oracion_b":"Juan trabaja en casa.","cambio":"está → trabaja","opciones":[{"texto":"Con uno de los verbos, \"en casa\" se puede quitar sin problema; con el otro, no.","ok":true,"micro":"Con 'trabaja' se puede suprimir sin más; con 'está' el verbo se queda cojo sin ese trozo."},{"texto":"Con los dos verbos se puede quitar igual.","ok":false,"micro":"Prueba a quitarlo en las dos: con una funciona sin más, con la otra la oración queda coja."}]},{"tipo":"manipulacion","manipulacion":"suprime","oracion":"Juan está en casa.","objetivo":{"texto":"en casa","funcion":"Atr. Loc."},"opciones":[{"texto":"El verbo queda cojo (queda \"Juan está\", que sin más suena incompleto).","ok":true,"micro":"'Estar' pide casi siempre un lugar: sin él, la acción queda coja."},{"texto":"Sigue funcionando igual.","ok":false,"micro":"No es el caso: sin ese complemento, la oración se siente incompleta."},{"texto":"Cambia de significado.","ok":false,"micro":"No cambia de significado, sino que queda incompleta."}]},{"tipo":"manipulacion","manipulacion":"suprime","oracion":"Juan trabaja en casa.","objetivo":{"texto":"en casa","funcion":"CC Lugar"},"opciones":[{"texto":"Sigue funcionando (queda \"Juan trabaja\").","ok":true,"micro":"Este trozo se puede quitar sin que el verbo se resienta: no es imprescindible."},{"texto":"El verbo queda cojo.","ok":false,"micro":"No es el caso: el verbo funciona perfectamente sin este añadido."},{"texto":"Cambia de significado.","ok":false,"micro":"El significado central no cambia, solo se pierde el dato de dónde."}]},{"tipo":"juicio","oracion":"Juan y Pedro está en casa.","veredicto":"agramatical","causa":"concordancia_sv","opciones_causa":["concordancia_sv","concordancia_atr"],"gemela_correcta":"Juan y Pedro están en casa.","explicacion":"Dos personas sumadas forman un plural, y el verbo tiene que seguirlo."},{"tipo":"etiqueta_prueba","oracion":"Juan está en casa.","objetivo":{"texto":"en casa","funcion":"Atr. Loc."},"prueba_id":"PRU-SINT-ATR-01","distractores":["PRU-SINT-CC-01","HEUR-COMO"],"enunciado":"tecnico"}],"zona_gris":false,"metadatos":{"curso_min":"3E"}}	R-07 PM-SINT-20	FALSE	TRUE
LB_0021	medio	3E	¿Cuántas palabras cambian a la vez cuando cambia quien parece algo?	Sujeto;Atr.	que_cambia;manipulacion;juicio;etiqueta_prueba	{"schema_version":"1.0","id":"LB_0021","nivel":"medio","titulo_problema":"¿Cuántas palabras cambian a la vez cuando cambia quien parece algo?","corpus":["La película parece interesante.","Los estudiantes parecen cansados."],"items":[{"tipo":"que_cambia","oracion_a":"La película parece interesante.","oracion_b":"Los estudiantes parecen cansados.","cambio":"La película parece interesante → Los estudiantes parecen cansados","opciones":[{"texto":"Tres palabras cambian juntas: quien parece, el verbo y la palabra que lo describe.","ok":true,"micro":"Fíjate en los tres cambios a la vez: van todos unidos."},{"texto":"Solo cambia una palabra.","ok":false,"micro":"Cuenta: cambian quien parece, el verbo y la palabra que describe; son tres, no una."}]},{"tipo":"manipulacion","manipulacion":"cambia_numero","oracion":"La película parece interesante.","objetivo":{"texto":"La película","funcion":"Sujeto"},"opciones":[{"texto":"Las películas parecen interesantes.","ok":true,"micro":"Al poner en plural quien parece, dos cosas más cambian con él: el verbo y la palabra que lo describe."},{"texto":"Las películas parece interesante.","ok":false,"micro":"Falta cambiar el verbo, que sigue en singular."}]},{"tipo":"juicio","oracion":"Los estudiantes parecen cansado.","veredicto":"agramatical","causa":"concordancia_atr","opciones_causa":["concordancia_atr","concordancia_sv"],"gemela_correcta":"Los estudiantes parecen cansados.","explicacion":"Esta palabra tiene que concordar en número con quien la lleva: \"los estudiantes\" es plural, así que ella también."},{"tipo":"etiqueta_prueba","oracion":"La película parece interesante.","objetivo":{"texto":"interesante","funcion":"Atr."},"prueba_id":"PRU-SINT-ATR-01","distractores":["PRU-SINT-CPVO-01","HEUR-COMO"],"enunciado":"tecnico"}],"zona_gris":false,"metadatos":{"curso_min":"3E"}}	R-07 PM-SINT-21	FALSE	TRUE
LB_0022	medio	3E	¿Hay que fijarse en el género también, no solo en el número?	Atr.	intruso;manipulacion;juicio;etiqueta_prueba	{"schema_version":"1.0","id":"LB_0022","nivel":"medio","titulo_problema":"¿Hay que fijarse en el género también, no solo en el número?","corpus":["Las chicas están contentas."],"items":[{"tipo":"intruso","oraciones":["Las chicas están contentas.","Los chicos están contentos.","Las niñas están cansadas.","Las chicas están contentos."],"respuesta":"Las chicas están contentos.","feedback":"En las tres primeras la palabra que describe concuerda en género y número con quien la lleva; en la última no: queda 'contentos' con 'las chicas'."},{"tipo":"manipulacion","manipulacion":"sustituye","oracion":"Las chicas están contentas.","objetivo":{"texto":"contentas","funcion":"Atr."},"opciones":[{"texto":"Las chicas lo están.","ok":true,"micro":"Se sustituye por 'lo' neutro, invariable, y solo con este tipo de verbo."},{"texto":"Las chicas las están.","ok":false,"micro":"Esta forma variable pertenece a otra función; la de aquí siempre es 'lo', nunca cambia."}]},{"tipo":"juicio","oracion":"Las chicas están contentos.","veredicto":"agramatical","causa":"concordancia_atr","opciones_causa":["concordancia_atr","concordancia_sv"],"gemela_correcta":"Las chicas están contentas.","explicacion":"Esta palabra tiene que concordar en género y número con quien la lleva: \"las chicas\" es femenino plural, así que ella también.","fuente_id":"PM-SINT-22"},{"tipo":"etiqueta_prueba","oracion":"Las chicas están contentas.","objetivo":{"texto":"contentas","funcion":"Atr."},"prueba_id":"PRU-SINT-ATR-01","distractores":["PRU-SINT-CPVO-01","HEUR-COMO"],"enunciado":"tecnico"}],"zona_gris":false,"metadatos":{"curso_min":"3E"}}	R-07 PM-SINT-22	FALSE	TRUE
LB_0023	medio	3E	¿Puedes construir tú una oración donde el verbo una directamente dos partes?	Atr.;Sujeto;NP	que_cambia;manipulacion;juicio;analisis_inverso;etiqueta_prueba	{"schema_version":"1.0","id":"LB_0023","nivel":"medio","titulo_problema":"¿Puedes construir tú una oración donde el verbo una directamente dos partes?","corpus":["Las gemelas parecían cansadas.","El gemelo parecía cansado."],"items":[{"tipo":"que_cambia","oracion_a":"Las gemelas parecían cansadas.","oracion_b":"El gemelo parecía cansado.","cambio":"Las gemelas parecían cansadas → El gemelo parecía cansado","opciones":[{"texto":"Cambian juntas tres palabras: quien parece, el verbo y la palabra que lo describe.","ok":true,"micro":"Fíjate en los tres cambios a la vez: van todos unidos, del plural femenino al singular masculino."},{"texto":"Solo cambia una palabra.","ok":false,"micro":"Cuenta: cambian quien parece, el verbo y la palabra que describe; son tres, no una."}]},{"tipo":"manipulacion","manipulacion":"sustituye","oracion":"Las gemelas parecían cansadas.","objetivo":{"texto":"cansadas","funcion":"Atr."},"opciones":[{"texto":"Las gemelas lo parecían.","ok":true,"micro":"Se sustituye por 'lo' neutro, invariable."},{"texto":"Las gemelas las parecían.","ok":false,"micro":"Esta forma variable pertenece a otra función; la de aquí siempre es 'lo'."}]},{"tipo":"juicio","oracion":"Las gemelas parecía cansadas.","veredicto":"agramatical","causa":"concordancia_sv","opciones_causa":["concordancia_sv","concordancia_atr"],"gemela_correcta":"Las gemelas parecían cansadas.","explicacion":"\"Las gemelas\" es plural y el verbo está en singular: no concuerdan."},{"tipo":"analisis_inverso","consigna":"Construye una oración con alguien que hace de sujeto, un verbo que una directamente el sujeto con una cualidad, y esa cualidad concordando con el sujeto.","piezas":["Las gemelas","parecían","cansadas","ayer"],"slots":[{"rol":"Sujeto","acepta":["Las gemelas"]},{"rol":"NP","acepta":["parecían"]},{"rol":"Atr.","acepta":["cansadas"]}],"fuente_id":"AI-SINT-03"},{"tipo":"etiqueta_prueba","oracion":"Las gemelas parecían cansadas.","objetivo":{"texto":"cansadas","funcion":"Atr."},"prueba_id":"PRU-SINT-ATR-01","distractores":["PRU-SINT-CPVO-01","HEUR-COMO"],"enunciado":"tecnico"}],"zona_gris":false,"metadatos":{"curso_min":"3E"}}	R-07 AI-SINT-03	FALSE	TRUE
LB_0024	medio	3E	¿Una misma palabra puede describir a personas distintas según su forma?	Sujeto;NP;CD;CPvo	que_cambia;manipulacion;juicio;par_minimo;analisis_inverso;etiqueta_prueba	{"schema_version":"1.0","id":"LB_0024","nivel":"medio","titulo_problema":"¿Una misma palabra puede describir a personas distintas según su forma?","corpus":["Ana envió contenta a su hijo.","Ana envió contento a su hijo."],"items":[{"tipo":"que_cambia","oracion_a":"Ana envió contenta a su hijo.","oracion_b":"Ana envió contento a su hijo.","cambio":"contenta → contento","opciones":[{"texto":"Cambia con quién concuerda esa palabra: en una es Ana quien está contenta, en la otra es el hijo.","ok":true,"micro":"Solo cambia una letra, pero decide a quién describe: si concuerda en femenino, habla de Ana; si en masculino, del hijo."},{"texto":"No cambia el sentido, solo la ortografía.","ok":false,"micro":"Sí cambia: la forma decide de quién se habla, aunque el resto de la oración sea igual."}]},{"tipo":"manipulacion","manipulacion":"cambia_numero","oracion":"Ana envió contenta a su hijo.","objetivo":{"texto":"Ana","funcion":"Sujeto"},"opciones":[{"texto":"Ana y Marta enviaron contentas a su hijo.","ok":true,"micro":"Al poner en plural quien hace la acción, la palabra que la describe cambia con ella."},{"texto":"Ana y Marta enviaron contenta a su hijo.","ok":false,"micro":"La palabra que describe a quien hace la acción no ha seguido el cambio y debería."}]},{"tipo":"juicio","oracion":"Ana enviaron contenta a su hijo.","veredicto":"agramatical","causa":"concordancia_sv","opciones_causa":["concordancia_sv","concordancia_cpvo"],"gemela_correcta":"Ana envió contenta a su hijo.","explicacion":"\"Ana\" es una sola persona y el verbo está en plural: no concuerdan."},{"tipo":"par_minimo","oracion_a":"Ana envió contenta a su hijo.","oracion_b":"Ana envió contento a su hijo.","cambio":"contenta → contento","opciones":[{"texto":"Cambia con quién concuerda esta palabra: pasa de referirse a Ana a referirse a su hijo.","ok":true,"micro":"Esta palabra tiene doble cara: concuerda con quien hace la acción o con quien la recibe, según su forma."},{"texto":"Cambia quién hace la acción.","ok":false,"micro":"Quien hace la acción sigue siendo Ana en las dos oraciones: lo que cambia es a quién describe esa palabra."}],"fuente_id":"PM-SINT-23"},{"tipo":"analisis_inverso","consigna":"Construye una oración con quien hace la acción, un verbo, lo que recibe la acción y una palabra que describa y concuerde con lo que recibe la acción, no con quien hace la acción.","piezas":["El árbitro","presentó","a los jugadores","al entrenador","agotados"],"slots":[{"rol":"Sujeto","acepta":["El árbitro"]},{"rol":"NP","acepta":["presentó"]},{"rol":"CD","acepta":["a los jugadores"]},{"rol":"CPvo","acepta":["agotados"]}],"fuente_id":"AI-SINT-09"},{"tipo":"etiqueta_prueba","oracion":"Ana envió contenta a su hijo.","objetivo":{"texto":"contenta","funcion":"CPvo"},"prueba_id":"PRU-SINT-CPVO-01","distractores":["PRU-SINT-ATR-01","HEUR-COMO"],"enunciado":"tecnico"}],"zona_gris":false,"metadatos":{"curso_min":"3E"}}	R-07 PM-SINT-23 / AI-SINT-09	FALSE	TRUE
LB_0025	medio	3E	¿Se puede quitar sin más la palabra que describe cómo llegó alguien?	CPvo	que_cambia;manipulacion;juicio;etiqueta_prueba	{"schema_version":"1.0","id":"LB_0025","nivel":"medio","titulo_problema":"¿Se puede quitar sin más la palabra que describe cómo llegó alguien?","corpus":["Pedro llegó cansado.","Marta llegó cansada.","El atleta llegó exhausto a la meta."],"items":[{"tipo":"que_cambia","oracion_a":"Pedro llegó cansado.","oracion_b":"Marta llegó cansada.","cambio":"cansado → cansada","opciones":[{"texto":"La palabra que describe concuerda con quien hace la acción, y por eso cambia con ella.","ok":true,"micro":"Fíjate en Pedro/cansado (masculino) frente a Marta/cansada (femenino): van siempre a juego."},{"texto":"Es indiferente, podría ser cualquiera de las dos formas con cualquier oración.","ok":false,"micro":"No es indiferente: la forma tiene que concordar con quien hace la acción."}]},{"tipo":"manipulacion","manipulacion":"suprime","oracion":"Pedro llegó cansado.","objetivo":{"texto":"cansado","funcion":"CPvo"},"opciones":[{"texto":"Sigue funcionando (queda \"Pedro llegó\").","ok":true,"micro":"'Llegar' no necesita esta palabra para funcionar: se puede suprimir sin que el verbo se resienta."},{"texto":"El verbo queda cojo.","ok":false,"micro":"No es el caso: 'llegar' funciona perfectamente sin este añadido."},{"texto":"Cambia de significado.","ok":false,"micro":"El significado central no cambia, solo se pierde ese matiz."}]},{"tipo":"juicio","oracion":"Pedro llegó cansada.","veredicto":"agramatical","causa":"concordancia_cpvo","opciones_causa":["concordancia_cpvo","concordancia_atr"],"gemela_correcta":"Pedro llegó cansado.","explicacion":"Esta palabra tiene que concordar en género con quien hace la acción: \"Pedro\" es masculino, así que ella también.","fuente_id":"PM-SINT-24"},{"tipo":"etiqueta_prueba","oracion":"Pedro llegó cansado.","objetivo":{"texto":"cansado","funcion":"CPvo"},"prueba_id":"PRU-SINT-CPVO-01","distractores":["PRU-SINT-ATR-01","HEUR-COMO"],"enunciado":"tecnico"}],"zona_gris":false,"metadatos":{"curso_min":"3E","origen_oracion_id":"El atleta llegó exhausto a la meta."}}	R-07 PM-SINT-24	FALSE	TRUE
LB_0026	medio	3E	¿Cambia algo si esa palabra va pegada al nombre o separada de él?	CD;CPvo	que_cambia;manipulacion;juicio;etiqueta_prueba	{"schema_version":"1.0","id":"LB_0026","nivel":"medio","titulo_problema":"¿Cambia algo si esa palabra va pegada al nombre o separada de él?","corpus":["Compramos fruta barata.","Compramos barata la fruta."],"items":[{"tipo":"que_cambia","oracion_a":"Compramos fruta barata.","oracion_b":"Compramos barata la fruta.","cambio":"fruta barata → barata la fruta","opciones":[{"texto":"Cambia el papel de esa palabra: en una habla solo del tipo de fruta; en la otra habla del resultado de la compra.","ok":true,"micro":"Pegada al nombre describe qué tipo de fruta es; separada y delante, describe cómo resultó la compra."},{"texto":"No cambia nada, es el mismo papel con otro orden.","ok":false,"micro":"Separarla del nombre y ponerla delante cambia lo que dice: no es un simple cambio de orden."}]},{"tipo":"manipulacion","manipulacion":"mueve","oracion":"Compramos fruta barata.","objetivo":{"texto":"fruta barata","funcion":"CD"},"opciones":[{"texto":"Compramos barata la fruta.","ok":true,"micro":"Al separar la palabra que describe y anteponerla, ya no habla solo del tipo de fruta: pasa a decir que resultó barata la compra."},{"texto":"Fruta barata compramos.","ok":false,"micro":"Este orden no separa la palabra que describe del nombre: sigue siendo el mismo tipo de complemento, solo movido de sitio."}]},{"tipo":"juicio","oracion":"Compramos barato la fruta.","veredicto":"agramatical","causa":"concordancia_cpvo","opciones_causa":["concordancia_cpvo","concordancia_atr"],"gemela_correcta":"Compramos barata la fruta.","explicacion":"Esta palabra, separada y delante del nombre, tiene que concordar en género con lo que recibe la acción: \"la fruta\" es femenino, así que ella también."},{"tipo":"etiqueta_prueba","oracion":"Compramos barata la fruta.","objetivo":{"texto":"barata","funcion":"CPvo"},"prueba_id":"PRU-SINT-CPVO-01","distractores":["PRU-SINT-CD-01","HEUR-COMO"],"enunciado":"tecnico"}],"zona_gris":false,"metadatos":{"curso_min":"3E"}}	R-07 PM-SINT-25	FALSE	TRUE
LB_0027	medio	3E	¿Hasta dónde llega lo que dice la palabra 'solo'?	Sujeto;CPvo	que_cambia;manipulacion;juicio;etiqueta_prueba	{"schema_version":"1.0","id":"LB_0027","nivel":"medio","titulo_problema":"¿Hasta dónde llega lo que dice la palabra 'solo'?","corpus":["Tomó solo café.","Ella tomó el café sola."],"items":[{"tipo":"que_cambia","oracion_a":"Tomó solo café.","oracion_b":"Ella tomó el café sola.","cambio":"Tomó solo café → Ella tomó el café sola","opciones":[{"texto":"Cambia a qué se refiere esa palabra: en una dice que no tomó nada más que café; en la otra dice que ella estaba sin compañía.","ok":true,"micro":"Delante del nombre y sin concordar, 'solo' dice que no hubo nada más (solo café, nada de comer); pegada al nombre y concordando con 'ella', 'sola' dice que no había nadie más con ella."},{"texto":"Las dos oraciones quieren decir exactamente lo mismo.","ok":false,"micro":"Una forma es invariable y va delante; la otra concuerda con quien toma el café y va detrás: no es la misma idea."}]},{"tipo":"manipulacion","manipulacion":"cambia_numero","oracion":"Ella tomó el café sola.","objetivo":{"texto":"Ella","funcion":"Sujeto"},"opciones":[{"texto":"Ellas tomaron el café solas.","ok":true,"micro":"Esta palabra tiene doble cara: además de describir, concuerda con quien hace la acción. Si esa persona pasa a ser varias, la palabra la sigue."},{"texto":"Ellas tomaron el café sola.","ok":false,"micro":"La palabra que describe no ha seguido el cambio y debería, porque concuerda con quien hace la acción."}]},{"tipo":"juicio","oracion":"Ella tomó el café solos.","veredicto":"agramatical","causa":"concordancia_cpvo","opciones_causa":["concordancia_cpvo","concordancia_sv"],"gemela_correcta":"Ella tomó el café sola.","explicacion":"Esta palabra tiene que concordar en género y número con quien hace la acción: \"ella\" pide \"sola\", no \"solos\".","fuente_id":"PM-SINT-26"},{"tipo":"etiqueta_prueba","oracion":"Ella tomó el café sola.","objetivo":{"texto":"sola","funcion":"CPvo"},"prueba_id":"PRU-SINT-CPVO-01","distractores":["PRU-SINT-ATR-01","HEUR-COMO"],"enunciado":"tecnico"}],"zona_gris":false,"metadatos":{"curso_min":"3E"}}	R-07 PM-SINT-26	FALSE	TRUE
LB_0028	medio	3E	¿Con quién concuerda la palabra que describe cómo encontraron a alguien?	CD;CPvo	que_cambia;manipulacion;juicio;etiqueta_prueba	{"schema_version":"1.0","id":"LB_0028","nivel":"medio","titulo_problema":"¿Con quién concuerda la palabra que describe cómo encontraron a alguien?","corpus":["Encontraron consciente al herido.","Encontraron conscientes a los heridos."],"items":[{"tipo":"que_cambia","oracion_a":"Encontraron consciente al herido.","oracion_b":"Encontraron conscientes a los heridos.","cambio":"consciente al herido → conscientes a los heridos","opciones":[{"texto":"Dos palabras cambian juntas: quien recibe la acción y la palabra que lo describe.","ok":true,"micro":"'Herido' pasa a 'heridos' y 'consciente' le sigue: pasan juntas a plural."},{"texto":"Solo cambia una palabra.","ok":false,"micro":"Cuenta: cambian tanto quien recibe la acción como la palabra que lo describe."}]},{"tipo":"manipulacion","manipulacion":"cambia_numero","oracion":"Encontraron consciente al herido.","objetivo":{"texto":"al herido","funcion":"CD"},"opciones":[{"texto":"Encontraron conscientes a los heridos.","ok":true,"micro":"Esta palabra concuerda con lo que recibe la acción: si eso pasa a plural, ella también."},{"texto":"Encontraron consciente a los heridos.","ok":false,"micro":"La palabra que describe no ha seguido el cambio y debería, porque concuerda con lo que recibe la acción, no con el verbo."}]},{"tipo":"juicio","oracion":"Encontraron consciente a los heridos.","veredicto":"agramatical","causa":"concordancia_cpvo","opciones_causa":["concordancia_cpvo","concordancia_sv"],"gemela_correcta":"Encontraron conscientes a los heridos.","explicacion":"Esta palabra concuerda con lo que recibe la acción: \"los heridos\" es plural, así que ella también debe serlo."},{"tipo":"etiqueta_prueba","oracion":"Encontraron consciente al herido.","objetivo":{"texto":"consciente","funcion":"CPvo"},"prueba_id":"PRU-SINT-CPVO-01","distractores":["PRU-SINT-ATR-01","HEUR-COMO"],"enunciado":"tecnico"}],"zona_gris":false,"metadatos":{"curso_min":"3E"}}	propio (banco de reflexión, ejemplo CPvo)	FALSE	TRUE
LB_0029	medio	3E	¿Quién estaba agotado, el que presenta o los que son presentados?	CD;Sujeto;NP;CPvo	que_cambia;manipulacion;juicio;analisis_inverso;etiqueta_prueba	{"schema_version":"1.0","id":"LB_0029","nivel":"medio","titulo_problema":"¿Quién estaba agotado, el que presenta o los que son presentados?","corpus":["El árbitro presentó agotado a los jugadores.","El árbitro presentó agotados a los jugadores."],"items":[{"tipo":"que_cambia","oracion_a":"El árbitro presentó agotado a los jugadores.","oracion_b":"El árbitro presentó agotados a los jugadores.","cambio":"agotado → agotados","opciones":[{"texto":"Cambia a quién describe: en una es el árbitro quien está agotado; en la otra son los jugadores.","ok":true,"micro":"Con 'agotado' en singular, concuerda con el árbitro; con 'agotados' en plural, concuerda con los jugadores."},{"texto":"Las dos dicen que están agotados los jugadores.","ok":false,"micro":"Fíjate en el número: si concordara siempre con 'los jugadores' (plural), la primera forma también sería plural."}]},{"tipo":"manipulacion","manipulacion":"cambia_numero","oracion":"El árbitro presentó agotados a los jugadores.","objetivo":{"texto":"a los jugadores","funcion":"CD"},"opciones":[{"texto":"El árbitro presentó agotado al jugador.","ok":true,"micro":"Esta palabra concuerda con lo que recibe la acción: si eso pasa a singular, ella también."},{"texto":"El árbitro presentó agotados al jugador.","ok":false,"micro":"La palabra que describe no ha seguido el cambio: debería concordar con lo que recibe la acción, que ahora es singular."}]},{"tipo":"juicio","oracion":"El árbitro presentó agotada a los jugadores.","veredicto":"agramatical","causa":"concordancia_cpvo","opciones_causa":["concordancia_cpvo","concordancia_sv"],"gemela_correcta":"El árbitro presentó agotados a los jugadores.","explicacion":"Esta palabra tiene que concordar en género y número con lo que recibe la acción: \"los jugadores\" pide \"agotados\", no \"agotada\"."},{"tipo":"analisis_inverso","consigna":"Construye una oración con quien hace la acción, un verbo, lo que recibe la acción y una palabra que describa y concuerde con lo que recibe la acción, no con quien hace la acción.","piezas":["La entrenadora","recibió","a los atletas","al médico","agotados"],"slots":[{"rol":"Sujeto","acepta":["La entrenadora"]},{"rol":"NP","acepta":["recibió"]},{"rol":"CD","acepta":["a los atletas"]},{"rol":"CPvo","acepta":["agotados"]}],"fuente_id":"AI-SINT-09"},{"tipo":"etiqueta_prueba","oracion":"El árbitro presentó agotados a los jugadores.","objetivo":{"texto":"agotados","funcion":"CPvo"},"prueba_id":"PRU-SINT-CPVO-01","distractores":["PRU-SINT-ATR-01","HEUR-COMO"],"enunciado":"tecnico"}],"zona_gris":false,"metadatos":{"curso_min":"3E"}}	propio (a partir de AI-SINT-09)	FALSE	TRUE
LB_0030	medio	3E	¿Todos los verbos necesitan a alguien que haga la acción?	CC Cantidad;CC Tiempo	intruso;manipulacion;juicio;etiqueta_prueba	{"schema_version":"1.0","id":"LB_0030","nivel":"medio","titulo_problema":"¿Todos los verbos necesitan a alguien que haga la acción?","corpus":["Llueve.","Nieva.","Amanece.","Llueve mucho hoy."],"items":[{"tipo":"intruso","oraciones":["El niño juega.","La profesora explica.","Los alumnos estudian.","Llueve."],"respuesta":"Llueve.","feedback":"En las tres primeras hay alguien que hace la acción, aunque a veces no se escriba; en \"Llueve\" no hay nadie que llueva: el verbo funciona solo, sin ningún actor."},{"tipo":"manipulacion","manipulacion":"suprime","oracion":"Llueve mucho hoy.","objetivo":{"texto":"mucho","funcion":"CC Cantidad"},"opciones":[{"texto":"Sigue funcionando (queda \"Llueve hoy\").","ok":true,"micro":"Este trozo se puede quitar sin que el verbo se resienta: no es imprescindible."},{"texto":"El verbo queda cojo.","ok":false,"micro":"\"Llueve\" funciona perfectamente sin este añadido."},{"texto":"Cambia de significado.","ok":false,"micro":"El significado central (que llueve) no cambia, solo se pierde el matiz de cantidad."}]},{"tipo":"juicio","oracion":"Llueve las nubes.","veredicto":"agramatical","causa":"transitividad","opciones_causa":["transitividad","concordancia_sv"],"gemela_correcta":"Llueve.","explicacion":"\"Llover\" no admite nada que reciba directamente su acción: no hay quien llueva ni qué se llueva, solo el propio hecho de llover."},{"tipo":"etiqueta_prueba","oracion":"Llueve mucho hoy.","objetivo":{"texto":"hoy","funcion":"CC Tiempo"},"prueba_id":"PRU-SINT-CC-01","distractores":["PRU-SINT-CD-01","HEUR-COMO"],"enunciado":"tecnico"}],"zona_gris":false,"metadatos":{"curso_min":"3E"}}	propio (caso límite: valencia 0, ver nota)	FALSE	TRUE
LB_0031	medio	3E	¿Hay verbos que no necesitan a nadie que haga lo que dicen?	CC Modo;CC Tiempo	que_cambia;valencia;manipulacion;juicio;etiqueta_prueba	{"schema_version":"1.0","id":"LB_0031","nivel":"medio","titulo_problema":"¿Hay verbos que no necesitan a nadie que haga lo que dicen?","corpus":["Nevó copiosamente durante toda la madrugada.","El bebé duerme sin interrupciones por las noches."],"items":[{"tipo":"que_cambia","oracion_a":"Nevó copiosamente durante toda la madrugada.","oracion_b":"El bebé duerme sin interrupciones por las noches.","cambio":"Nevó → El bebé duerme","opciones":[{"texto":"En una hay alguien que hace lo que dice el verbo; en la otra no hay nadie.","ok":true,"micro":"Duerme el bebé; pero nadie nieva: la nieve cae sola y el verbo funciona sin nadie que la haga."},{"texto":"En las dos hay alguien que hace lo que dice el verbo.","ok":false,"micro":"Prueba a preguntarte quién nieva: no hay respuesta posible, y aun así la oración está bien."}]},{"tipo":"valencia","verbo":"dormir","respuesta":1,"actores":[{"texto":"quien duerme","rol":"quien_hace"}],"feedback":"Dormir pide uno solo: quien duerme. Nevar no pide ninguno, y por eso funciona con el verbo a secas."},{"tipo":"manipulacion","manipulacion":"suprime","oracion":"El bebé duerme sin interrupciones por las noches.","objetivo":{"texto":"sin interrupciones","funcion":"CC Modo"},"opciones":[{"texto":"Sigue funcionando (queda «El bebé duerme por las noches»).","ok":true,"micro":"Es un dato añadido de cómo duerme: se puede quitar y el verbo no se resiente."},{"texto":"El verbo queda cojo.","ok":false,"micro":"No es el caso: «El bebé duerme por las noches» está completa."},{"texto":"Cambia de significado.","ok":false,"micro":"Lo esencial no cambia: solo se pierde el matiz de que duerme del tirón."}]},{"tipo":"juicio","oracion":"Nevó la montaña.","veredicto":"agramatical","causa":"transitividad","opciones_causa":["transitividad","concordancia_sv"],"gemela_correcta":"Nevó en la montaña.","explicacion":"«Nevar» no admite nada detrás que reciba su acción: para nombrar el lugar hace falta una preposición («en la montaña»)."},{"tipo":"etiqueta_prueba","oracion":"El bebé duerme sin interrupciones por las noches.","objetivo":{"texto":"por las noches","funcion":"CC Tiempo"},"prueba_id":"PRU-SINT-CC-01","distractores":["PRU-SINT-CREG-01","HEUR-COMO"],"enunciado":"tecnico"}],"zona_gris":false,"metadatos":{"curso_min":"3E","origen_oracion_id":"El bebé duerme sin interrupciones por las noches."}}	propio (lote 2 · valencia 0 vs 1)	FALSE	TRUE
LB_0032	medio	3E	¿Cuántos hacen falta para que algo se rompa?	CD	valencia;manipulacion;juicio;etiqueta_prueba	{"schema_version":"1.0","id":"LB_0032","nivel":"medio","titulo_problema":"¿Cuántos hacen falta para que algo se rompa?","corpus":["Rompió el cristal de la ventana con un balón.","Mi hermano duerme tranquilo después del entrenamiento."],"items":[{"tipo":"valencia","verbo":"romper","respuesta":2,"actores":[{"texto":"quien rompe","rol":"quien_hace"},{"texto":"lo que se rompe","rol":"a_quien_o_que"},{"texto":"con qué lo rompe","rol":"donde_cuando_como"}],"feedback":"Romper pide dos: quien rompe y lo que se rompe. Lo demás (con qué, dónde, cuándo) son añadidos que se pueden quitar."},{"tipo":"manipulacion","manipulacion":"suprime","oracion":"Rompió el cristal de la ventana con un balón.","objetivo":{"texto":"el cristal de la ventana","funcion":"CD"},"opciones":[{"texto":"El verbo queda cojo (queda «Rompió con un balón», y falta saber qué rompió).","ok":true,"micro":"Romper pide siempre algo que se rompa: sin eso, la acción queda a medias."},{"texto":"Sigue funcionando igual.","ok":false,"micro":"No es el caso: «Rompió con un balón» deja pendiente lo más importante, qué se rompió."},{"texto":"Cambia de significado.","ok":false,"micro":"No cambia el significado: lo que pasa es que la oración queda incompleta."}]},{"tipo":"juicio","oracion":"Mi hermano duerme tranquilos después del entrenamiento.","veredicto":"agramatical","causa":"concordancia_cpvo","opciones_causa":["concordancia_cpvo","concordancia_sv"],"gemela_correcta":"Mi hermano duerme tranquilo después del entrenamiento.","explicacion":"Esta palabra describe a quien duerme y tiene que ir en su mismo número: «mi hermano» es uno solo, así que «tranquilo»."},{"tipo":"etiqueta_prueba","oracion":"Rompió el cristal de la ventana con un balón.","objetivo":{"texto":"el cristal de la ventana","funcion":"CD"},"prueba_id":"PRU-SINT-CD-01","distractores":["PRU-SINT-CREG-01","HEUR-QUIEN"],"enunciado":"tecnico"}],"zona_gris":false,"metadatos":{"curso_min":"3E","origen_oracion_id":"Rompió el cristal de la ventana con un balón."}}	propio (lote 2 · valencia 2)	FALSE	TRUE
LB_0033	medio	3E	¿Cuántas piezas necesita el verbo «entregar» para no quedarse a medias?	CI	valencia;manipulacion;juicio;etiqueta_prueba	{"schema_version":"1.0","id":"LB_0033","nivel":"medio","titulo_problema":"¿Cuántas piezas necesita el verbo «entregar» para no quedarse a medias?","corpus":["El presidente entregó los diplomas a los alumnos más brillantes."],"items":[{"tipo":"valencia","verbo":"entregar","respuesta":3,"actores":[{"texto":"quien entrega","rol":"quien_hace"},{"texto":"lo que entrega","rol":"a_quien_o_que"},{"texto":"quien lo recibe","rol":"quien_lo_recibe"}],"feedback":"Entregar pide tres: quien entrega, lo entregado y quien lo recibe. Si falta alguno, hay que darlo por sabido."},{"tipo":"manipulacion","manipulacion":"sustituye","oracion":"El presidente entregó los diplomas a los alumnos más brillantes.","objetivo":{"texto":"a los alumnos más brillantes","funcion":"CI"},"opciones":[{"texto":"El presidente les entregó los diplomas.","ok":true,"micro":"Se sustituye por «les», y esa es la prueba de que estamos ante quien recibe algo."},{"texto":"El presidente los entregó los diplomas.","ok":false,"micro":"Ese pronombre es el de lo que recibe la acción, y ese sitio ya lo ocupan «los diplomas»."},{"texto":"El presidente entregó los diplomas para los alumnos más brillantes.","ok":false,"micro":"Con «para» ya no funciona «les»: se pasa a decir para quién se hacen los diplomas, que es otra idea."}]},{"tipo":"juicio","oracion":"Entregó los diplomas el presidente.","veredicto":"gramatical","explicacion":"La oración es correcta: quien entrega puede ir detrás del verbo sin que nada se rompa. El orden en español es bastante libre."},{"tipo":"etiqueta_prueba","oracion":"El presidente entregó los diplomas a los alumnos más brillantes.","objetivo":{"texto":"a los alumnos más brillantes","funcion":"CI"},"prueba_id":"PRU-SINT-CI-01","distractores":["PRU-SINT-CD-01","HEUR-PREP-A"],"enunciado":"tecnico"}],"zona_gris":false,"metadatos":{"curso_min":"3E","origen_oracion_id":"El presidente entregó los diplomas a los alumnos más brillantes."}}	propio (lote 2 · valencia 3)	FALSE	TRUE
LB_0034	medio	3E	¿Puede un verbo pedir tres cosas y admitir todavía una cuarta?	CD;CC Tiempo	valencia;manipulacion;juicio;etiqueta_prueba	{"schema_version":"1.0","id":"LB_0034","nivel":"medio","titulo_problema":"¿Puede un verbo pedir tres cosas y admitir todavía una cuarta?","corpus":["Juan dio un libro a María ayer."],"items":[{"tipo":"valencia","verbo":"dar","respuesta":3,"actores":[{"texto":"quien da","rol":"quien_hace"},{"texto":"lo que da","rol":"a_quien_o_que"},{"texto":"quien lo recibe","rol":"quien_lo_recibe"},{"texto":"cuándo lo da","rol":"donde_cuando_como"}],"feedback":"Dar pide tres: quien da, lo dado y quien lo recibe. «Ayer» no es una de esas tres piezas: es un añadido que se puede quitar."},{"tipo":"manipulacion","manipulacion":"sustituye","oracion":"Juan dio un libro a María ayer.","objetivo":{"texto":"un libro","funcion":"CD"},"opciones":[{"texto":"Juan lo dio a María ayer.","ok":true,"micro":"Lo que recibe la acción se sustituye por «lo»: por ahí se reconoce."},{"texto":"Juan le dio a María ayer.","ok":false,"micro":"Ese pronombre corresponde a quien recibe algo, y ese papel ya lo hace «a María»."}]},{"tipo":"juicio","oracion":"Juan dio un libro a la mesa.","veredicto":"agramatical","causa":"seleccion_semantica","opciones_causa":["seleccion_semantica","transitividad","regimen_prep"],"gemela_correcta":"Juan dio un libro a María.","explicacion":"Quien recibe algo tiene que poder recibirlo: una mesa no recibe un libro, así que el verbo no admite ahí ese complemento."},{"tipo":"etiqueta_prueba","oracion":"Juan dio un libro a María ayer.","objetivo":{"texto":"ayer","funcion":"CC Tiempo"},"prueba_id":"PRU-SINT-CC-01","distractores":["PRU-SINT-CI-01","HEUR-COMO"],"enunciado":"tecnico"}],"zona_gris":false,"metadatos":{"curso_min":"3E","origen_oracion_id":"Juan dio un libro a María ayer."}}	propio (lote 2 · valencia 3 + añadido)	FALSE	TRUE
LB_0035	medio	3E	¿Se puede quitar a quien escucha y seguir teniendo la misma oración?	CI	valencia;manipulacion;juicio;etiqueta_prueba	{"schema_version":"1.0","id":"LB_0035","nivel":"medio","titulo_problema":"¿Se puede quitar a quien escucha y seguir teniendo la misma oración?","corpus":["Contó sus secretos a su amigo."],"items":[{"tipo":"valencia","verbo":"contar","respuesta":3,"actores":[{"texto":"quien cuenta","rol":"quien_hace"},{"texto":"lo que cuenta","rol":"a_quien_o_que"},{"texto":"a quien se lo cuenta","rol":"quien_lo_recibe"}],"feedback":"Contar pide tres: quien cuenta, lo contado y a quien se lo cuenta. Que uno de ellos pueda no escribirse no significa que no esté."},{"tipo":"manipulacion","manipulacion":"suprime","oracion":"Contó sus secretos a su amigo.","objetivo":{"texto":"a su amigo","funcion":"CI"},"opciones":[{"texto":"Sigue funcionando (queda «Contó sus secretos»).","ok":true,"micro":"La oración aguanta sin él, pero ojo: que se pueda quitar no lo convierte en un añadido cualquiera. Lo que decide es que se sustituye por «le»."},{"texto":"El verbo queda cojo.","ok":false,"micro":"«Contó sus secretos» se entiende perfectamente: no queda coja, aunque no digamos a quién."},{"texto":"Cambia de significado.","ok":false,"micro":"Lo contado sigue siendo lo mismo: solo dejamos de decir quién lo escuchó."}]},{"tipo":"juicio","oracion":"Contó sus secretos a la María.","veredicto":"norma_culta","causa":"articulo_propio","opciones_causa":["articulo_propio","regimen_prep"],"gemela_correcta":"Contó sus secretos a María.","explicacion":"Se dice y se entiende, pero en la lengua cuidada los nombres de persona no llevan artículo delante: «a María», no «a la María»."},{"tipo":"etiqueta_prueba","oracion":"Contó sus secretos a su amigo.","objetivo":{"texto":"a su amigo","funcion":"CI"},"prueba_id":"PRU-SINT-CI-01","distractores":["PRU-SINT-CD-01","HEUR-PARA-QUIEN"],"enunciado":"tecnico"}],"zona_gris":false,"metadatos":{"curso_min":"3E","origen_oracion_id":"Contó sus secretos a su amigo."}}	propio (lote 2 · valencia 3, pieza suprimible)	FALSE	TRUE
LB_0036	medio	3E	¿Qué pide un verbo que solo necesita a uno?	CC Cantidad	valencia;manipulacion;juicio;etiqueta_prueba	{"schema_version":"1.0","id":"LB_0036","nivel":"medio","titulo_problema":"¿Qué pide un verbo que solo necesita a uno?","corpus":["El perro de mi vecino ladra mucho por las noches."],"items":[{"tipo":"valencia","verbo":"ladrar","respuesta":1,"actores":[{"texto":"quien ladra","rol":"quien_hace"},{"texto":"cuándo ladra","rol":"donde_cuando_como"}],"feedback":"Ladrar pide uno solo: quien ladra. Cuánto y cuándo son añadidos, y se pueden quitar sin que pase nada."},{"tipo":"manipulacion","manipulacion":"suprime","oracion":"El perro de mi vecino ladra mucho por las noches.","objetivo":{"texto":"mucho","funcion":"CC Cantidad"},"opciones":[{"texto":"Sigue funcionando (queda «El perro de mi vecino ladra por las noches»).","ok":true,"micro":"Es un dato de cantidad: se quita y la oración sigue entera."},{"texto":"El verbo queda cojo.","ok":false,"micro":"No es el caso: «ladra por las noches» está completa."},{"texto":"Cambia de significado.","ok":false,"micro":"Lo esencial no cambia: solo dejamos de decir en qué cantidad ladra."}]},{"tipo":"juicio","oracion":"El perro de mi vecino ladra la puerta.","veredicto":"agramatical","causa":"transitividad","opciones_causa":["transitividad","concordancia_sv"],"gemela_correcta":"El perro de mi vecino ladra a la puerta.","explicacion":"«Ladrar» no admite nada detrás que reciba directamente su acción: hace falta una preposición («a la puerta»)."},{"tipo":"etiqueta_prueba","oracion":"El perro de mi vecino ladra mucho por las noches.","objetivo":{"texto":"mucho","funcion":"CC Cantidad"},"prueba_id":"PRU-SINT-CC-01","distractores":["PRU-SINT-CD-01","HEUR-COMO"],"enunciado":"tecnico"}],"zona_gris":false,"metadatos":{"curso_min":"3E","origen_oracion_id":"El perro de mi vecino ladra mucho por las noches."}}	propio (lote 2 · valencia 1)	FALSE	TRUE
LB_0037	medio	3E	¿Cuenta como pieza obligatoria la herramienta con la que se hace algo?	CD;CC Instrumento	valencia;manipulacion;juicio;etiqueta_prueba	{"schema_version":"1.0","id":"LB_0037","nivel":"medio","titulo_problema":"¿Cuenta como pieza obligatoria la herramienta con la que se hace algo?","corpus":["Cortó el pan con un cuchillo de sierra."],"items":[{"tipo":"valencia","verbo":"cortar","respuesta":2,"actores":[{"texto":"quien corta","rol":"quien_hace"},{"texto":"lo que corta","rol":"a_quien_o_que"},{"texto":"con qué corta","rol":"donde_cuando_como"}],"feedback":"Cortar pide dos: quien corta y lo que corta. La herramienta es un añadido: se puede quitar y la oración sigue en pie."},{"tipo":"manipulacion","manipulacion":"sustituye","oracion":"Cortó el pan con un cuchillo de sierra.","objetivo":{"texto":"el pan","funcion":"CD"},"opciones":[{"texto":"Lo cortó con un cuchillo de sierra.","ok":true,"micro":"Se sustituye por «lo»: es la marca de lo que recibe la acción."},{"texto":"Le cortó con un cuchillo de sierra.","ok":false,"micro":"Ese pronombre corresponde a quien recibe algo, y aquí no hay nadie que reciba el pan."}]},{"tipo":"juicio","oracion":"Con un cuchillo de sierra cortó el pan.","veredicto":"gramatical","explicacion":"La oración es correcta: la herramienta se puede mover al principio sin que nada se rompa. Esa libertad de movimiento es típica de los añadidos."},{"tipo":"etiqueta_prueba","oracion":"Cortó el pan con un cuchillo de sierra.","objetivo":{"texto":"con un cuchillo de sierra","funcion":"CC Instrumento"},"prueba_id":"PRU-SINT-CC-01","distractores":["PRU-SINT-CD-01","HEUR-COMO"],"enunciado":"tecnico"}],"zona_gris":false,"metadatos":{"curso_min":"3E","origen_oracion_id":"Cortó el pan con un cuchillo de sierra."}}	propio (lote 2 · valencia 2 + herramienta)	FALSE	TRUE
LB_0038	medio	3E	¿Puede una oración correcta romperse solo con cambiar las palabras de sitio?	CI;CD	valencia;manipulacion;juicio;etiqueta_prueba	{"schema_version":"1.0","id":"LB_0038","nivel":"medio","titulo_problema":"¿Puede una oración correcta romperse solo con cambiar las palabras de sitio?","corpus":["El sistema envió una notificación al usuario."],"items":[{"tipo":"valencia","verbo":"enviar","respuesta":3,"actores":[{"texto":"quien envía","rol":"quien_hace"},{"texto":"lo que envía","rol":"a_quien_o_que"},{"texto":"quien lo recibe","rol":"quien_lo_recibe"}],"feedback":"Enviar pide tres: quien envía, lo enviado y quien lo recibe. Con menos de esos tres, el resto se da por sabido."},{"tipo":"manipulacion","manipulacion":"sustituye","oracion":"El sistema envió una notificación al usuario.","objetivo":{"texto":"al usuario","funcion":"CI"},"opciones":[{"texto":"El sistema le envió una notificación.","ok":true,"micro":"Se sustituye por «le»: por ahí se reconoce a quien recibe algo."},{"texto":"El sistema lo envió una notificación.","ok":false,"micro":"Ese pronombre es el de lo que se envía, y ese sitio ya lo ocupa «una notificación»."},{"texto":"El sistema envió una notificación allí.","ok":false,"micro":"«Allí» sustituye datos de lugar; un usuario no es un sitio al que se llega."}]},{"tipo":"juicio","oracion":"El sistema una notificación envió al usuario.","veredicto":"agramatical","causa":"orden_imposible","opciones_causa":["orden_imposible","concordancia_sv"],"gemela_correcta":"El sistema envió una notificación al usuario.","explicacion":"El orden en español es bastante libre, pero no del todo: lo que recibe la acción no puede colarse entre quien actúa y el verbo."},{"tipo":"etiqueta_prueba","oracion":"El sistema envió una notificación al usuario.","objetivo":{"texto":"una notificación","funcion":"CD"},"prueba_id":"PRU-SINT-CD-01","distractores":["PRU-SINT-CI-01","HEUR-PREP-A"],"enunciado":"tecnico"}],"zona_gris":false,"metadatos":{"curso_min":"3E","origen_oracion_id":"El sistema envió una notificación al usuario."}}	propio (lote 2 · valencia 3 + orden)	FALSE	TRUE
LB_0039	medio	3E	¿Todo lo que empieza por «en» dice dónde?	C.Rég.;CC Cantidad	intruso;manipulacion;juicio;etiqueta_prueba	{"schema_version":"1.0","id":"LB_0039","nivel":"medio","titulo_problema":"¿Todo lo que empieza por «en» dice dónde?","corpus":["El profesor de historia insistió bastante en la puntualidad de los estudiantes."],"items":[{"tipo":"intruso","oraciones":["Trabajó en el jardín.","Estudió en la biblioteca.","Cenamos en casa.","El profesor insistió en la puntualidad."],"respuesta":"El profesor insistió en la puntualidad.","feedback":"Las tres primeras dicen dónde y se pueden cambiar por «allí»; la última no dice ningún sitio: para recuperarla hay que decir «insistió en eso», con el «en» pegado al verbo."},{"tipo":"manipulacion","manipulacion":"sustituye","oracion":"El profesor de historia insistió bastante en la puntualidad de los estudiantes.","objetivo":{"texto":"en la puntualidad de los estudiantes","funcion":"C.Rég."},"opciones":[{"texto":"El profesor de historia insistió bastante en eso.","ok":true,"micro":"Se sustituye por «eso» y el «en» se queda pegado al verbo: esa es la prueba fuerte."},{"texto":"El profesor de historia insistió bastante allí.","ok":false,"micro":"«Allí» sustituye datos de lugar, y la puntualidad no es un sitio."},{"texto":"El profesor de historia lo insistió bastante.","ok":false,"micro":"Esa sustitución hace desaparecer el «en», y aquí no puede desaparecer."}]},{"tipo":"manipulacion","manipulacion":"suprime","oracion":"El profesor de historia insistió bastante en la puntualidad de los estudiantes.","objetivo":{"texto":"bastante","funcion":"CC Cantidad"},"opciones":[{"texto":"Sigue funcionando (queda «El profesor de historia insistió en la puntualidad de los estudiantes»).","ok":true,"micro":"Es un dato de cantidad: se quita y no pasa nada."},{"texto":"El verbo queda cojo.","ok":false,"micro":"No es el caso: la oración se sostiene perfectamente sin esa palabra."},{"texto":"Cambia de significado.","ok":false,"micro":"Lo esencial se mantiene: solo dejamos de decir cuánto insistió."}]},{"tipo":"juicio","oracion":"El profesor de historia insistió de la puntualidad de los estudiantes.","veredicto":"agramatical","causa":"regimen_prep","opciones_causa":["regimen_prep","transitividad"],"gemela_correcta":"El profesor de historia insistió en la puntualidad de los estudiantes.","explicacion":"«Insistir» exige siempre «en»: cambiarla por otra preposición rompe la oración, porque esa palabra forma pareja fija con el verbo."},{"tipo":"etiqueta_prueba","oracion":"El profesor de historia insistió bastante en la puntualidad de los estudiantes.","objetivo":{"texto":"en la puntualidad de los estudiantes","funcion":"C.Rég."},"prueba_id":"PRU-SINT-CREG-01","distractores":["PRU-SINT-CC-01","HEUR-DE-QUE"],"enunciado":"tecnico"}],"zona_gris":false,"metadatos":{"curso_min":"3E","origen_oracion_id":"El profesor de historia insistió bastante en la puntualidad de los estudiantes."}}	propio (lote 2 · CC Lugar frente a C.Rég. con «en»)	FALSE	TRUE
LB_0040	medio	3E	¿Cuántos datos se le pueden añadir a una misma oración sin romperla?	CC Tiempo;CC Instrumento;CC Modo	que_cambia;manipulacion;juicio;etiqueta_prueba	{"schema_version":"1.0","id":"LB_0040","nivel":"medio","titulo_problema":"¿Cuántos datos se le pueden añadir a una misma oración sin romperla?","corpus":["El fontanero arregló la tubería rápidamente con una llave inglesa en el baño esta mañana."],"items":[{"tipo":"que_cambia","oracion_a":"El fontanero arregló la tubería.","oracion_b":"El fontanero arregló la tubería rápidamente con una llave inglesa en el baño esta mañana.","cambio":"arregló la tubería → arregló la tubería rápidamente con una llave inglesa en el baño esta mañana","opciones":[{"texto":"Se han añadido datos de cómo, con qué, dónde y cuándo, y ninguno era imprescindible.","ok":true,"micro":"Los cuatro se pueden quitar de uno en uno y la oración sigue entera: son informaciones extra."},{"texto":"Se ha añadido algo sin lo cual el verbo no podría funcionar.","ok":false,"micro":"Prueba a quitarlos: «El fontanero arregló la tubería» sigue siendo una oración completa."}]},{"tipo":"manipulacion","manipulacion":"mueve","oracion":"El fontanero arregló la tubería rápidamente con una llave inglesa en el baño esta mañana.","objetivo":{"texto":"esta mañana","funcion":"CC Tiempo"},"opciones":[{"texto":"Esta mañana el fontanero arregló la tubería rápidamente con una llave inglesa en el baño.","ok":true,"micro":"Se puede llevar al principio sin que nada se rompa: esa libertad es propia de los datos añadidos."},{"texto":"El fontanero esta arregló mañana la tubería rápidamente con una llave inglesa en el baño.","ok":false,"micro":"Aquí se ha partido el dato en dos trozos, y eso sí rompe la oración: se mueve entero o no se mueve."}]},{"tipo":"manipulacion","manipulacion":"suprime","oracion":"El fontanero arregló la tubería rápidamente con una llave inglesa en el baño esta mañana.","objetivo":{"texto":"con una llave inglesa","funcion":"CC Instrumento"},"opciones":[{"texto":"Sigue funcionando (queda la oración sin decir con qué la arregló).","ok":true,"micro":"La herramienta es un añadido: se quita y el verbo no se resiente."},{"texto":"El verbo queda cojo.","ok":false,"micro":"No es el caso: arreglar algo se entiende sin decir con qué."},{"texto":"Cambia de significado.","ok":false,"micro":"Lo esencial no cambia: solo se pierde el dato de la herramienta."}]},{"tipo":"juicio","oracion":"En el baño arregló el fontanero la tubería esta mañana.","veredicto":"gramatical","explicacion":"La oración es correcta: los datos añadidos se pueden repartir por la oración casi como se quiera, y aquí el dato de lugar ha ido al principio sin romper nada."},{"tipo":"etiqueta_prueba","oracion":"El fontanero arregló la tubería rápidamente con una llave inglesa en el baño esta mañana.","objetivo":{"texto":"rápidamente","funcion":"CC Modo"},"prueba_id":"PRU-SINT-CC-01","distractores":["PRU-SINT-CPVO-01","HEUR-COMO"],"enunciado":"tecnico"}],"zona_gris":false,"metadatos":{"curso_min":"3E","origen_oracion_id":"El fontanero arregló la tubería rápidamente con una llave inglesa en el baño esta mañana."}}	propio (lote 2 · CC Modo/Instrumento/Lugar/Tiempo)	FALSE	TRUE
LB_0041	medio	3E	Con la misma palabra «por», ¿se dice quién lo hizo o por qué se hizo?	C.Ag.;CC Causa	que_cambia;manipulacion;juicio;etiqueta_prueba	{"schema_version":"1.0","id":"LB_0041","nivel":"medio","titulo_problema":"Con la misma palabra «por», ¿se dice quién lo hizo o por qué se hizo?","corpus":["El delantero fue expulsado por una entrada muy peligrosa.","El delantero fue expulsado por el árbitro."],"items":[{"tipo":"que_cambia","oracion_a":"El delantero fue expulsado por una entrada muy peligrosa.","oracion_b":"El delantero fue expulsado por el árbitro.","cambio":"por una entrada muy peligrosa → por el árbitro","opciones":[{"texto":"Una dice por qué lo expulsaron; la otra dice quién lo expulsó.","ok":true,"micro":"La misma palabra «por» sirve para dos cosas muy distintas: el motivo y quien realiza la acción."},{"texto":"Las dos dicen lo mismo con otras palabras.","ok":false,"micro":"Una entrada peligrosa no expulsa a nadie: es el motivo. Quien expulsa es el árbitro."}]},{"tipo":"manipulacion","manipulacion":"transforma","oracion":"El delantero fue expulsado por el árbitro.","objetivo":{"texto":"por el árbitro","funcion":"C.Ag."},"opciones":[{"texto":"El árbitro expulsó al delantero.","ok":true,"micro":"Al darle la vuelta a la oración, este trozo pasa a ir delante y a mandar en el verbo: eso demuestra que era quien realizaba la acción."},{"texto":"El delantero expulsó al árbitro.","ok":false,"micro":"Aquí se han cambiado los papeles: el sentido queda del revés."}]},{"tipo":"juicio","oracion":"El delantero fueron expulsado por el árbitro.","veredicto":"agramatical","causa":"concordancia_sv","opciones_causa":["concordancia_sv","concordancia_atr"],"gemela_correcta":"El delantero fue expulsado por el árbitro.","explicacion":"«El delantero» es uno solo y el verbo está en plural: no van a juego."},{"tipo":"etiqueta_prueba","oracion":"El delantero fue expulsado por una entrada muy peligrosa.","objetivo":{"texto":"por una entrada muy peligrosa","funcion":"CC Causa"},"prueba_id":"PRU-SINT-CC-01","distractores":["PRU-SINT-CAG-01","HEUR-PREP-POR"],"enunciado":"tecnico"}],"zona_gris":false,"metadatos":{"curso_min":"3E","origen_oracion_id":"El delantero fue expulsado por una entrada muy peligrosa."}}	propio (lote 2 · C.Ag. frente a CC Causa)	FALSE	TRUE
LB_0042	medio	3E	¿Es lo mismo decir para qué se hace algo que decir qué lo ha provocado?	CC Finalidad;CC Tiempo	intruso;manipulacion;juicio;etiqueta_prueba	{"schema_version":"1.0","id":"LB_0042","nivel":"medio","titulo_problema":"¿Es lo mismo decir para qué se hace algo que decir qué lo ha provocado?","corpus":["Ha estudiado bastante para las recuperaciones de fin de curso.","El autobús del colegio llegó tarde por el intenso tráfico."],"items":[{"tipo":"intruso","oraciones":["Ha estudiado bastante para las recuperaciones de fin de curso.","Ahorra dinero para las vacaciones.","Entrena cada día para el campeonato.","El autobús del colegio llegó tarde por el intenso tráfico."],"respuesta":"El autobús del colegio llegó tarde por el intenso tráfico.","feedback":"Las tres primeras dicen para qué se hace algo: el objetivo, que todavía no ha llegado. La última dice qué lo provocó, algo que ya había ocurrido antes."},{"tipo":"manipulacion","manipulacion":"mueve","oracion":"Ha estudiado bastante para las recuperaciones de fin de curso.","objetivo":{"texto":"para las recuperaciones de fin de curso","funcion":"CC Finalidad"},"opciones":[{"texto":"Para las recuperaciones de fin de curso ha estudiado bastante.","ok":true,"micro":"Se lleva entero al principio y la oración aguanta: los datos añadidos se mueven así."},{"texto":"Ha para las recuperaciones de fin de curso estudiado bastante.","ok":false,"micro":"Se ha colado entre el verbo compuesto y lo ha partido en dos: ahí no cabe nada."}]},{"tipo":"juicio","oracion":"Por el intenso tráfico, el autobús del colegio llegó tarde.","veredicto":"gramatical","explicacion":"La oración es correcta: el motivo puede ir al principio, separado por una coma, sin que la oración pierda nada."},{"tipo":"etiqueta_prueba","oracion":"Ha estudiado bastante para las recuperaciones de fin de curso.","objetivo":{"texto":"para las recuperaciones de fin de curso","funcion":"CC Finalidad"},"prueba_id":"PRU-SINT-CC-01","distractores":["PRU-SINT-CI-01","HEUR-PARA-QUIEN"],"enunciado":"tecnico"},{"tipo":"etiqueta_prueba","oracion":"El autobús del colegio llegó tarde por el intenso tráfico.","objetivo":{"texto":"tarde","funcion":"CC Tiempo"},"prueba_id":"PRU-SINT-CC-01","distractores":["PRU-SINT-CPVO-01","HEUR-COMO"],"enunciado":"tecnico"}],"zona_gris":false,"metadatos":{"curso_min":"3E","origen_oracion_id":"Ha estudiado bastante para las recuperaciones de fin de curso."}}	propio (lote 2 · CC Finalidad frente a CC Causa)	FALSE	TRUE
LB_0043	medio	3E	¿Dicen lo mismo «mucho» y «bien» detrás del mismo verbo?	CC Cantidad;CC Tiempo	que_cambia;par_minimo;manipulacion;juicio;etiqueta_prueba	{"schema_version":"1.0","id":"LB_0043","nivel":"medio","titulo_problema":"¿Dicen lo mismo «mucho» y «bien» detrás del mismo verbo?","corpus":["Hemos trabajado mucho este trimestre.","Hemos trabajado bien este trimestre."],"items":[{"tipo":"que_cambia","oracion_a":"Hemos trabajado mucho este trimestre.","oracion_b":"Hemos trabajado bien este trimestre.","cambio":"mucho → bien","opciones":[{"texto":"Una dice en qué cantidad se ha trabajado; la otra, de qué manera.","ok":true,"micro":"Se puede trabajar mucho y mal, o poco y bien: son dos informaciones independientes."},{"texto":"Las dos dicen lo mismo: que se ha trabajado.","ok":false,"micro":"Si dijeran lo mismo, no podríamos combinarlas: «Hemos trabajado mucho y bien» dice dos cosas distintas."}]},{"tipo":"par_minimo","oracion_a":"Hemos trabajado mucho este trimestre.","oracion_b":"Hemos trabajado bien este trimestre.","cambio":"mucho → bien","opciones":[{"texto":"CC Cantidad → CC Modo","ok":true,"micro":"Las dos son informaciones añadidas del mismo tipo, pero de subtipo distinto: una mide y la otra valora cómo."},{"texto":"CD → CC Modo","ok":false,"micro":"«Mucho» no es lo que recibe la acción: no se puede sustituir por «lo» («*lo hemos trabajado» dice otra cosa)."}]},{"tipo":"manipulacion","manipulacion":"suprime","oracion":"Hemos trabajado mucho este trimestre.","objetivo":{"texto":"mucho","funcion":"CC Cantidad"},"opciones":[{"texto":"Sigue funcionando (queda «Hemos trabajado este trimestre»).","ok":true,"micro":"Se quita el dato de cantidad y la oración sigue entera."},{"texto":"El verbo queda cojo.","ok":false,"micro":"No es el caso: «Hemos trabajado este trimestre» está completa."},{"texto":"Cambia de significado.","ok":false,"micro":"Lo esencial no cambia: solo dejamos de decir cuánto."}]},{"tipo":"juicio","oracion":"Este trimestre hemos trabajado mucho.","veredicto":"gramatical","explicacion":"La oración es correcta: los dos datos añadidos han cambiado de sitio y la oración aguanta igual de bien."},{"tipo":"etiqueta_prueba","oracion":"Hemos trabajado mucho este trimestre.","objetivo":{"texto":"este trimestre","funcion":"CC Tiempo"},"prueba_id":"PRU-SINT-CC-01","distractores":["PRU-SINT-CD-01","HEUR-COMO"],"enunciado":"tecnico"}],"zona_gris":false,"metadatos":{"curso_min":"3E","origen_oracion_id":"Hemos trabajado mucho este trimestre."}}	propio (lote 2 · CC Cantidad frente a CC Modo)	FALSE	TRUE
LB_0044	medio	3E	Con «con» delante, ¿se dice con quién o con qué?	CC Instrumento;CC Compañía	que_cambia;manipulacion;juicio;etiqueta_prueba	{"schema_version":"1.0","id":"LB_0044","nivel":"medio","titulo_problema":"Con «con» delante, ¿se dice con quién o con qué?","corpus":["Fue al cine con su mejor amigo.","Arregló el televisor con un destornillador."],"items":[{"tipo":"que_cambia","oracion_a":"Fue al cine con su mejor amigo.","oracion_b":"Arregló el televisor con un destornillador.","cambio":"con su mejor amigo → con un destornillador","opciones":[{"texto":"Una dice con quién se hace algo; la otra, con qué se hace.","ok":true,"micro":"El amigo va al cine también; el destornillador no arregla nada por su cuenta: es la herramienta."},{"texto":"Las dos dicen quién acompaña.","ok":false,"micro":"Un destornillador no acompaña a nadie: es aquello con lo que se hace la acción."}]},{"tipo":"manipulacion","manipulacion":"suprime","oracion":"Arregló el televisor con un destornillador.","objetivo":{"texto":"con un destornillador","funcion":"CC Instrumento"},"opciones":[{"texto":"Sigue funcionando (queda «Arregló el televisor»).","ok":true,"micro":"La herramienta es un añadido: se quita y la oración sigue entera."},{"texto":"El verbo queda cojo.","ok":false,"micro":"No es el caso: «Arregló el televisor» se entiende sin decir con qué."},{"texto":"Cambia de significado.","ok":false,"micro":"Lo esencial no cambia: solo se pierde el dato de la herramienta."}]},{"tipo":"juicio","oracion":"Fue el cine con su mejor amigo.","veredicto":"agramatical","causa":"transitividad","opciones_causa":["transitividad","regimen_prep"],"gemela_correcta":"Fue al cine con su mejor amigo.","explicacion":"«Ir» no admite nada detrás que reciba directamente su acción: el sitio al que se va necesita preposición («al cine»)."},{"tipo":"etiqueta_prueba","oracion":"Fue al cine con su mejor amigo.","objetivo":{"texto":"con su mejor amigo","funcion":"CC Compañía"},"prueba_id":"PRU-SINT-CC-01","distractores":["PRU-SINT-CREG-01","HEUR-COMO"],"enunciado":"tecnico"}],"zona_gris":false,"metadatos":{"curso_min":"3E","origen_oracion_id":"Fue al cine con su mejor amigo."}}	propio (lote 2 · CC Compañía frente a CC Instrumento)	FALSE	TRUE
LB_0045	medio	3E	Si lleva «a» y es suprimible, ¿ya está resuelto?	C.Rég.	intruso;manipulacion;juicio;etiqueta_prueba	{"schema_version":"1.0","id":"LB_0045","nivel":"medio","titulo_problema":"Si lleva «a» y es suprimible, ¿ya está resuelto?","corpus":["Se acostumbró pronto al clima de la ciudad."],"items":[{"tipo":"intruso","oraciones":["Le escribió a su abuelo.","Le entregó el paquete a su vecino.","Le contó la verdad a su amigo.","Se acostumbró al clima de la ciudad."],"respuesta":"Se acostumbró al clima de la ciudad.","feedback":"En las tres primeras se puede poner «le» delante del verbo. En la última no hay manera: para recuperar ese trozo hay que decir «se acostumbró a eso», con la «a» pegada al verbo."},{"tipo":"manipulacion","manipulacion":"sustituye","oracion":"Se acostumbró pronto al clima de la ciudad.","objetivo":{"texto":"al clima de la ciudad","funcion":"C.Rég."},"opciones":[{"texto":"Se acostumbró pronto a eso.","ok":true,"micro":"Se sustituye por «eso» y la «a» se queda pegada al verbo: esa es la prueba que decide."},{"texto":"Se le acostumbró pronto.","ok":false,"micro":"Ese pronombre corresponde a quien recibe algo, y aquí el clima no recibe nada."},{"texto":"Se lo acostumbró pronto.","ok":false,"micro":"Esa sustitución hace desaparecer la «a», y aquí no puede desaparecer."}]},{"tipo":"juicio","oracion":"Se acostumbró pronto.","veredicto":"gramatical","explicacion":"La oración es correcta: si ya sabemos a qué se acostumbró, se puede callar. Pero cuidado, que se pueda quitar no lo convierte en un dato añadido cualquiera: la prueba que decide aquí no es la supresión, sino la sustitución por «a eso» con la preposición pegada al verbo."},{"tipo":"etiqueta_prueba","oracion":"Se acostumbró pronto al clima de la ciudad.","objetivo":{"texto":"al clima de la ciudad","funcion":"C.Rég."},"prueba_id":"PRU-SINT-CREG-01","distractores":["PRU-SINT-CI-01","HEUR-PREP-A"],"enunciado":"tecnico"}],"zona_gris":false,"metadatos":{"curso_min":"3E","origen_oracion_id":"Se acostumbró pronto al clima de la ciudad."}}	propio (lote 2 · la supresión engaña, decide la sustitución)	FALSE	TRUE
LB_0046	medio	3E	Dos oraciones con «a» detrás del verbo: ¿se comportan igual?	CC Causa;C.Rég.	que_cambia;manipulacion;juicio;etiqueta_prueba	{"schema_version":"1.0","id":"LB_0046","nivel":"medio","titulo_problema":"Dos oraciones con «a» detrás del verbo: ¿se comportan igual?","corpus":["Renunció a su trabajo por motivos personales.","Entregó su trabajo a un compañero."],"items":[{"tipo":"que_cambia","oracion_a":"Renunció a su trabajo por motivos personales.","oracion_b":"Entregó su trabajo a un compañero.","cambio":"Renunció a su trabajo → Entregó su trabajo a un compañero","opciones":[{"texto":"En la segunda se puede poner «le» delante del verbo; en la primera, no.","ok":true,"micro":"«Le entregó su trabajo» funciona; «*le renunció» no dice nada: ahí hay que decir «renunció a eso»."},{"texto":"En las dos se puede poner «le» delante del verbo.","ok":false,"micro":"Prueba a decir «le renunció por motivos personales»: no se entiende, porque el trabajo no recibe nada."}]},{"tipo":"manipulacion","manipulacion":"suprime","oracion":"Renunció a su trabajo por motivos personales.","objetivo":{"texto":"por motivos personales","funcion":"CC Causa"},"opciones":[{"texto":"Sigue funcionando (queda «Renunció a su trabajo»).","ok":true,"micro":"El motivo es un dato añadido: se quita y la oración sigue entera."},{"texto":"El verbo queda cojo.","ok":false,"micro":"No es el caso: «Renunció a su trabajo» está completa."},{"texto":"Cambia de significado.","ok":false,"micro":"Lo esencial no cambia: solo dejamos de decir por qué renunció."}]},{"tipo":"manipulacion","manipulacion":"sustituye","oracion":"Renunció a su trabajo por motivos personales.","objetivo":{"texto":"a su trabajo","funcion":"C.Rég."},"opciones":[{"texto":"Renunció a eso por motivos personales.","ok":true,"micro":"Se sustituye por «eso» y la «a» se queda pegada al verbo: pareja fija."},{"texto":"Le renunció por motivos personales.","ok":false,"micro":"Ese pronombre corresponde a quien recibe algo, y aquí nadie recibe el trabajo."},{"texto":"Lo renunció por motivos personales.","ok":false,"micro":"Esa sustitución hace desaparecer la «a», y con este verbo no puede desaparecer."}]},{"tipo":"juicio","oracion":"Renunció por motivos personales.","veredicto":"gramatical","explicacion":"La oración es correcta: si ya se sabe a qué renunció, no hace falta repetirlo. Que se pueda quitar no basta para decidir qué papel hace ese trozo: lo que lo decide es que solo se recupera diciendo «a eso»."},{"tipo":"etiqueta_prueba","oracion":"Renunció a su trabajo por motivos personales.","objetivo":{"texto":"a su trabajo","funcion":"C.Rég."},"prueba_id":"PRU-SINT-CREG-01","distractores":["PRU-SINT-CD-01","HEUR-PREP-A"],"enunciado":"tecnico"}],"zona_gris":false,"metadatos":{"curso_min":"3E","origen_oracion_id":"Renunció a su trabajo por motivos personales."}}	propio (lote 2 · «a» de C.Rég. frente a «a» de CI)	FALSE	TRUE
LB_0047	medio	3E	¿Todas las palabras que empiezan por «de» se quitan igual de fácil?	C.Rég.	intruso;manipulacion;juicio;etiqueta_prueba	{"schema_version":"1.0","id":"LB_0047","nivel":"medio","titulo_problema":"¿Todas las palabras que empiezan por «de» se quitan igual de fácil?","corpus":["Siempre se queja de la conexión a internet."],"items":[{"tipo":"intruso","oraciones":["Siempre habla de su familia.","Siempre se queja de la conexión.","Siempre se acuerda de sus amigos.","Siempre vuelve de la biblioteca."],"respuesta":"Siempre vuelve de la biblioteca.","feedback":"En las tres primeras el «de» va pegado al verbo y el trozo se recupera diciendo «de eso». En la última, «de la biblioteca» dice de dónde viene y se cambia por «de allí»."},{"tipo":"manipulacion","manipulacion":"sustituye","oracion":"Siempre se queja de la conexión a internet.","objetivo":{"texto":"de la conexión a internet","funcion":"C.Rég."},"opciones":[{"texto":"Siempre se queja de eso.","ok":true,"micro":"Se sustituye por «eso» con el «de» pegado al verbo: pareja fija."},{"texto":"Siempre la queja.","ok":false,"micro":"Esa sustitución hace desaparecer el «de», y aquí no puede desaparecer."},{"texto":"Siempre se queja de allí.","ok":false,"micro":"«De allí» sustituye un dato de procedencia; la conexión no es un sitio del que se venga."}]},{"tipo":"juicio","oracion":"Siempre se queja.","veredicto":"gramatical","explicacion":"La oración es correcta: se puede decir sin más de qué se queja. Ojo, entonces la supresión no sirve de prueba aquí, porque también funciona con los datos añadidos: la que decide es la sustitución con la preposición pegada."},{"tipo":"juicio","oracion":"Siempre se queja la conexión a internet.","veredicto":"agramatical","causa":"regimen_prep","opciones_causa":["regimen_prep","transitividad"],"gemela_correcta":"Siempre se queja de la conexión a internet.","explicacion":"Si se quita la preposición, la oración se rompe: este verbo exige siempre «de», no admite ese trozo pelado detrás."},{"tipo":"etiqueta_prueba","oracion":"Siempre se queja de la conexión a internet.","objetivo":{"texto":"de la conexión a internet","funcion":"C.Rég."},"prueba_id":"PRU-SINT-CREG-01","distractores":["PRU-SINT-CC-01","HEUR-DE-QUE"],"enunciado":"tecnico"}],"zona_gris":false,"metadatos":{"curso_min":"3E","origen_oracion_id":"Siempre se queja de la conexión a internet."}}	propio (lote 2 · «de» pegado al verbo frente a «de» de procedencia)	FALSE	TRUE
LB_0048	medio	3E	Si se puede quitar, ¿deja de ser lo que recibe la acción?	CD	que_cambia;manipulacion;juicio;etiqueta_prueba	{"schema_version":"1.0","id":"LB_0048","nivel":"medio","titulo_problema":"Si se puede quitar, ¿deja de ser lo que recibe la acción?","corpus":["Ayer por la tarde cocinó mi madre una pizza casera."],"items":[{"tipo":"que_cambia","oracion_a":"Ayer por la tarde cocinó mi madre una pizza casera.","oracion_b":"Ayer por la tarde cocinó mi madre.","cambio":"cocinó mi madre una pizza casera → cocinó mi madre","opciones":[{"texto":"En la segunda no se dice qué cocinó, pero la oración sigue en pie.","ok":true,"micro":"Cuando no importa qué se cocinó, se puede callar; eso no significa que no haya nada cocinado."},{"texto":"La segunda oración ha quedado rota.","ok":false,"micro":"«Ayer por la tarde cocinó mi madre» se entiende perfectamente: no está rota, solo dice menos."}]},{"tipo":"manipulacion","manipulacion":"suprime","oracion":"Ayer por la tarde cocinó mi madre una pizza casera.","objetivo":{"texto":"una pizza casera","funcion":"CD"},"opciones":[{"texto":"Sigue funcionando (queda «Ayer por la tarde cocinó mi madre»).","ok":true,"micro":"Se puede quitar, sí. Pero cuidado: eso no lo convierte en un dato añadido, porque no dice cómo, ni cuándo, ni dónde. La prueba que decide es otra."},{"texto":"El verbo queda cojo.","ok":false,"micro":"No queda coja: «Ayer por la tarde cocinó mi madre» es una oración completa."},{"texto":"Cambia de significado.","ok":false,"micro":"Sigue hablando de lo mismo: simplemente deja de decirse qué cocinó."}]},{"tipo":"manipulacion","manipulacion":"sustituye","oracion":"Ayer por la tarde cocinó mi madre una pizza casera.","objetivo":{"texto":"una pizza casera","funcion":"CD"},"opciones":[{"texto":"Ayer por la tarde la cocinó mi madre.","ok":true,"micro":"Aquí está la prueba buena: se sustituye por «la». Los datos de cómo, cuándo o dónde nunca admiten ese pronombre."},{"texto":"Ayer por la tarde le cocinó mi madre.","ok":false,"micro":"Ese pronombre corresponde a quien recibe algo, no a lo cocinado."},{"texto":"Ayer por la tarde cocinó mi madre así.","ok":false,"micro":"«Así» sustituye un dato de manera, y una pizza no es una manera de cocinar."}]},{"tipo":"juicio","oracion":"Ayer por la tarde cocinó mi madre.","veredicto":"gramatical","explicacion":"La oración es correcta. Es justo el aviso de este reto: una oración puede estar bien sin ese trozo y, aun así, ese trozo no ser un simple añadido cuando aparece."},{"tipo":"etiqueta_prueba","oracion":"Ayer por la tarde cocinó mi madre una pizza casera.","objetivo":{"texto":"una pizza casera","funcion":"CD"},"prueba_id":"PRU-SINT-CD-01","distractores":["PRU-SINT-CC-01","HEUR-QUIEN"],"enunciado":"tecnico"}],"zona_gris":false,"metadatos":{"curso_min":"3E","origen_oracion_id":"Ayer por la tarde cocinó mi madre una pizza casera."}}	propio (lote 2 · suprimible pero no añadido)	FALSE	TRUE
LB_0049	medio	3E	Si a quien va dirigida la carta se puede quitar, ¿qué prueba queda?	CI	que_cambia;manipulacion;juicio;etiqueta_prueba	{"schema_version":"1.0","id":"LB_0049","nivel":"medio","titulo_problema":"Si a quien va dirigida la carta se puede quitar, ¿qué prueba queda?","corpus":["Escribió una carta a su abuelo por su cumpleaños.","Escribió una carta por su cumpleaños."],"items":[{"tipo":"que_cambia","oracion_a":"Escribió una carta a su abuelo por su cumpleaños.","oracion_b":"Escribió una carta por su cumpleaños.","cambio":"a su abuelo → (nada)","opciones":[{"texto":"Se ha quitado a quién iba dirigida la carta y la oración sigue funcionando.","ok":true,"micro":"La carta sigue escrita y el motivo sigue ahí: solo dejamos de decir para quién era."},{"texto":"La oración ha quedado rota.","ok":false,"micro":"«Escribió una carta por su cumpleaños» se entiende sin problema: no está rota."}]},{"tipo":"manipulacion","manipulacion":"sustituye","oracion":"Escribió una carta a su abuelo por su cumpleaños.","objetivo":{"texto":"a su abuelo","funcion":"CI"},"opciones":[{"texto":"Le escribió una carta por su cumpleaños.","ok":true,"micro":"Aquí está la prueba buena: se sustituye por «le». Que se pudiera quitar no decía nada, porque los añadidos también se quitan."},{"texto":"Lo escribió una carta por su cumpleaños.","ok":false,"micro":"Ese pronombre es el de lo escrito, y ese papel ya lo hace «una carta»."},{"texto":"Escribió una carta para su abuelo por su cumpleaños.","ok":false,"micro":"Con «para» deja de funcionar «le»: se pasa a decir para quién es la carta, que es otra idea."}]},{"tipo":"juicio","oracion":"Escribió una carta por su cumpleaños.","veredicto":"gramatical","explicacion":"La oración es correcta. Y ahí está la trampa del reto: quitar el trozo funciona, así que esa prueba no decide nada por sí sola. La que decide es el pronombre «le»."},{"tipo":"etiqueta_prueba","oracion":"Escribió una carta a su abuelo por su cumpleaños.","objetivo":{"texto":"a su abuelo","funcion":"CI"},"prueba_id":"PRU-SINT-CI-01","distractores":["PRU-SINT-CC-01","HEUR-PARA-QUIEN"],"enunciado":"tecnico"}],"zona_gris":false,"metadatos":{"curso_min":"3E","origen_oracion_id":"Escribió una carta a su abuelo por su cumpleaños."}}	propio (lote 2 · CI suprimible)	FALSE	TRUE
LB_0050	medio	3E	Si el verbo se queda raro al quitarlo, ¿es que forma pareja fija con él?	CC Lugar	que_cambia;manipulacion;juicio;etiqueta_prueba	{"schema_version":"1.0","id":"LB_0050","nivel":"medio","titulo_problema":"Si el verbo se queda raro al quitarlo, ¿es que forma pareja fija con él?","corpus":["Vivo aquí.","Ellos han vivido siempre en un barrio humilde."],"items":[{"tipo":"que_cambia","oracion_a":"Vivo aquí.","oracion_b":"Ellos han vivido siempre en un barrio humilde.","cambio":"aquí → en un barrio humilde","opciones":[{"texto":"Las dos dicen dónde, y se pueden cambiar la una por la otra.","ok":true,"micro":"«Aquí» y «en un barrio humilde» ocupan el mismo hueco: por eso son la misma clase de información."},{"texto":"Solo la segunda dice dónde.","ok":false,"micro":"«Aquí» también dice dónde: es la palabra con la que se sustituyen todos estos trozos."}]},{"tipo":"manipulacion","manipulacion":"sustituye","oracion":"Ellos han vivido siempre en un barrio humilde.","objetivo":{"texto":"en un barrio humilde","funcion":"CC Lugar"},"opciones":[{"texto":"Ellos han vivido siempre allí.","ok":true,"micro":"Se sustituye por «allí»: eso lo coloca entre los datos de lugar, por mucho que el verbo suene raro sin él."},{"texto":"Ellos han vivido siempre en eso.","ok":false,"micro":"«En eso», con la preposición pegada, es la prueba de otra cosa: aquí la sustitución natural es «allí»."},{"texto":"Ellos lo han vivido siempre.","ok":false,"micro":"Esa sustitución hace desaparecer la preposición y cambia el sentido: «vivirlo» es pasar por algo, no habitar en un sitio."}]},{"tipo":"juicio","oracion":"Ellos han vivido siempre.","veredicto":"gramatical","explicacion":"La oración es correcta, aunque suene incompleta si no sabemos dónde. Y aquí está el aviso: que el verbo pida casi siempre un sitio no basta para decidir; lo que lo decide es que ese trozo se cambia por «allí»."},{"tipo":"etiqueta_prueba","oracion":"Ellos han vivido siempre en un barrio humilde.","objetivo":{"texto":"en un barrio humilde","funcion":"CC Lugar"},"prueba_id":"PRU-SINT-CC-01","distractores":["PRU-SINT-CREG-01","HEUR-COMO"],"enunciado":"tecnico"}],"zona_gris":false,"metadatos":{"curso_min":"3E","origen_oracion_id":"Ellos han vivido siempre en un barrio humilde."}}	propio (lote 2 · casi obligatorio pero CC)	FALSE	TRUE
LB_0051	medio	3E	¿A quién le hablamos y de quién hablamos? La coma decide	Vocat.;NP;CD	que_cambia;juicio;analisis_inverso;etiqueta_prueba	{"schema_version":"1.0","id":"LB_0051","nivel":"medio","titulo_problema":"¿A quién le hablamos y de quién hablamos? La coma decide","corpus":["Juan, trae el libro aquí ahora mismo.","Juan trae el libro aquí ahora mismo."],"items":[{"tipo":"que_cambia","oracion_a":"Juan trae el libro aquí ahora mismo.","oracion_b":"Juan, trae el libro aquí ahora mismo.","cambio":"Juan trae → Juan, trae","opciones":[{"texto":"Sin la coma se cuenta que Juan trae el libro; con la coma se le pide a Juan que lo traiga.","ok":true,"micro":"Las mismas palabras en el mismo orden: lo único que cambia es la coma, y con ella cambia quién trae el libro."},{"texto":"La coma es solo una pausa al leer y no cambia nada.","ok":false,"micro":"Prueba a cambiar el verbo de número: sin coma hay que decir «Juan y Ana traen»; con coma, «Juan, traed» sigue dirigiéndose a alguien."}]},{"tipo":"juicio","oracion":"Juan traen el libro aquí ahora mismo.","veredicto":"agramatical","causa":"concordancia_sv","opciones_causa":["concordancia_sv","orden_imposible"],"gemela_correcta":"Juan trae el libro aquí ahora mismo.","explicacion":"Sin coma, «Juan» manda en el verbo, y como es uno solo, el verbo tiene que ir en singular: «trae»."},{"tipo":"juicio","oracion":"Juan, trae el libro aquí ahora mismo.","veredicto":"gramatical","explicacion":"La oración es correcta. Aquí «Juan» está aislado por la coma porque no es quien trae el libro: es la persona a la que se le habla, y por eso el verbo no tiene que ir a juego con él."},{"tipo":"analisis_inverso","consigna":"Construye una oración en la que le pidas a Marta que traiga el libro. Coloca a Marta en el hueco de la persona a la que hablamos.","piezas":["Marta","trae","el libro","aquí","Juan"],"slots":[{"rol":"Vocat.","acepta":["Marta"]},{"rol":"NP","acepta":["trae"]},{"rol":"CD","acepta":["el libro"]}],"orden":"fijo"},{"tipo":"etiqueta_prueba","oracion":"Juan, trae el libro aquí ahora mismo.","objetivo":{"texto":"Juan","funcion":"Vocat."},"prueba_id":"PRU-SINT-VOC-01","distractores":["PRU-SINT-SUJ-01","HEUR-QUIEN"],"enunciado":"tecnico"}],"zona_gris":false,"metadatos":{"curso_min":"3E","origen_oracion_id":"Juan, trae el libro aquí ahora mismo."}}	propio (lote 2 · ambigüedad resuelta por coma: Vocat. / Sujeto)	FALSE	TRUE
LB_0052	medio	3E	«Lógicamente respondió»: ¿respondió con lógica o era lógico que respondiera?	CC Modo	que_cambia;manipulacion;juicio;etiqueta_prueba	{"schema_version":"1.0","id":"LB_0052","nivel":"medio","titulo_problema":"«Lógicamente respondió»: ¿respondió con lógica o era lógico que respondiera?","corpus":["Lógicamente respondió el alumno.","Lógicamente, respondió el alumno.","Afortunadamente, el equipo ganó el trofeo sin demasiados problemas."],"items":[{"tipo":"que_cambia","oracion_a":"Lógicamente respondió el alumno.","oracion_b":"Lógicamente, respondió el alumno.","cambio":"Lógicamente respondió → Lógicamente, respondió","opciones":[{"texto":"Con la coma se comenta toda la oración: era lo lógico que respondiera. Sin la coma cabe además entender que respondió de forma lógica.","ok":true,"micro":"La misma palabra en el mismo sitio admite dos lecturas; la coma la separa del verbo y deja solo una."},{"texto":"Las dos dicen lo mismo: que el alumno respondió con lógica.","ok":false,"micro":"Si fuera solo eso, la coma sobraría. Con coma se está valorando el hecho entero, no la manera de responder."}]},{"tipo":"manipulacion","manipulacion":"mueve","oracion":"Lógicamente respondió el alumno.","objetivo":{"texto":"Lógicamente","funcion":"CC Modo"},"opciones":[{"texto":"El alumno respondió lógicamente.","ok":true,"micro":"Al llevarlo detrás del verbo y pegado a él, se queda solo la lectura de cómo respondió."},{"texto":"Respondió el alumno, lógicamente.","ok":false,"micro":"Con la coma vuelve la otra lectura: ya no se dice cómo respondió, sino que era lo lógico que lo hiciera."}]},{"tipo":"juicio","oracion":"Lógicamente, respondieron el alumno.","veredicto":"agramatical","causa":"concordancia_sv","opciones_causa":["concordancia_sv","orden_imposible"],"gemela_correcta":"Lógicamente, respondió el alumno.","explicacion":"«El alumno» es uno solo, así que el verbo tiene que ir en singular, esté donde esté colocado en la oración."},{"tipo":"etiqueta_prueba","oracion":"Afortunadamente, el equipo ganó el trofeo sin demasiados problemas.","objetivo":{"texto":"sin demasiados problemas","funcion":"CC Modo"},"prueba_id":"PRU-SINT-CC-01","distractores":["PRU-SINT-CREG-01","HEUR-COMO"],"enunciado":"tecnico"}],"zona_gris":false,"metadatos":{"curso_min":"3E","origen_oracion_id":"Afortunadamente, el equipo ganó el trofeo sin demasiados problemas."}}	propio (lote 2 · ambigüedad resuelta por coma y posición)	FALSE	TRUE
LB_0053	medio	3E	¿Quién tenía los prismáticos, el que mira o el mirado?	CC Instrumento	que_cambia;manipulacion;juicio;etiqueta_prueba	{"schema_version":"1.0","id":"LB_0053","nivel":"medio","titulo_problema":"¿Quién tenía los prismáticos, el que mira o el mirado?","corpus":["Observé al vecino con los prismáticos.","Con los prismáticos observé al vecino.","Esta mañana hemos visto bacterias con el microscopio en el laboratorio."],"items":[{"tipo":"que_cambia","oracion_a":"Observé al vecino con los prismáticos.","oracion_b":"Con los prismáticos observé al vecino.","cambio":"Observé al vecino con los prismáticos → Con los prismáticos observé al vecino","opciones":[{"texto":"Al ponerlo delante solo queda una lectura: los prismáticos son lo que yo uso para mirar.","ok":true,"micro":"En la primera cabía entender que los prismáticos los llevaba el vecino; al moverlos al principio, esa lectura desaparece."},{"texto":"Cambiar el orden no cambia nada: la oración dice lo mismo.","ok":false,"micro":"La primera admite dos lecturas y la segunda solo una: precisamente por eso mover el trozo sirve de prueba."}]},{"tipo":"manipulacion","manipulacion":"mueve","oracion":"Observé al vecino con los prismáticos.","objetivo":{"texto":"con los prismáticos","funcion":"CC Instrumento"},"opciones":[{"texto":"Con los prismáticos observé al vecino.","ok":true,"micro":"Se mueve entero al principio y la oración aguanta: además de funcionar, deshace la duda."},{"texto":"Observé al con los prismáticos vecino.","ok":false,"micro":"Se ha metido dentro de «al vecino» y lo ha partido: ahí no cabe nada."}]},{"tipo":"juicio","oracion":"Con los prismáticos observé al vecino.","veredicto":"gramatical","explicacion":"La oración es correcta. Y es la prueba del reto: el trozo se puede colocar al principio, y al hacerlo solo queda una de las dos lecturas posibles."},{"tipo":"etiqueta_prueba","oracion":"Esta mañana hemos visto bacterias con el microscopio en el laboratorio.","objetivo":{"texto":"con el microscopio","funcion":"CC Instrumento"},"prueba_id":"PRU-SINT-CC-01","distractores":["PRU-SINT-CREG-01","HEUR-COMO"],"enunciado":"tecnico"}],"zona_gris":false,"metadatos":{"curso_min":"3E","origen_oracion_id":"Esta mañana hemos visto bacterias con el microscopio en el laboratorio."}}	propio (lote 2 · ambigüedad resuelta por orden)	FALSE	TRUE
LB_0054	medio	3E	¿Se puede cambiar «confío en» por «confío con»?	C.Rég.	intruso;manipulacion;juicio;etiqueta_prueba	{"schema_version":"1.0","id":"LB_0054","nivel":"medio","titulo_problema":"¿Se puede cambiar «confío en» por «confío con»?","corpus":["Confío en tus posibilidades.","Los alumnos de segundo de bachillerato confían plenamente en la agencia de viajes."],"items":[{"tipo":"intruso","oraciones":["Confío en tus posibilidades.","Confío en mi equipo.","Confío en el resultado.","Confío con tus posibilidades."],"respuesta":"Confío con tus posibilidades.","feedback":"Las tres primeras usan la palabra que este verbo exige siempre. La última la cambia por otra y deja de sonar bien: no es cuestión de significado, es que el verbo no la admite."},{"tipo":"manipulacion","manipulacion":"sustituye","oracion":"Confío en tus posibilidades.","objetivo":{"texto":"en tus posibilidades","funcion":"C.Rég."},"opciones":[{"texto":"Confío en eso.","ok":true,"micro":"Se sustituye por «eso» y el «en» se queda pegado al verbo: es la prueba de que forman pareja fija."},{"texto":"Lo confío.","ok":false,"micro":"Esa sustitución hace desaparecer el «en», y con este verbo no puede desaparecer."},{"texto":"Confío con eso.","ok":false,"micro":"La sustitución está bien hecha, pero la preposición es otra: este verbo solo admite «en»."}]},{"tipo":"juicio","oracion":"Confío con tus posibilidades.","veredicto":"agramatical","causa":"regimen_prep","opciones_causa":["regimen_prep","seleccion_semantica"],"gemela_correcta":"Confío en tus posibilidades.","explicacion":"«Confiar» exige siempre «en»: la preposición no es libre, viene con el verbo y no se puede cambiar por otra parecida."},{"tipo":"etiqueta_prueba","oracion":"Los alumnos de segundo de bachillerato confían plenamente en la agencia de viajes.","objetivo":{"texto":"en la agencia de viajes","funcion":"C.Rég."},"prueba_id":"PRU-SINT-CREG-01","distractores":["PRU-SINT-CC-01","HEUR-DE-QUE"],"enunciado":"tecnico"}],"zona_gris":false,"metadatos":{"curso_min":"3E","origen_oracion_id":"Confío en tus posibilidades."}}	propio (lote 2 · correctivo: confiar en / *confiar con)	FALSE	TRUE
LB_0055	medio	3E	Quitarlo funciona: ¿entonces qué prueba lo demuestra?	C.Rég.	que_cambia;manipulacion;juicio;etiqueta_prueba	{"schema_version":"1.0","id":"LB_0055","nivel":"medio","titulo_problema":"Quitarlo funciona: ¿entonces qué prueba lo demuestra?","corpus":["Me alegro mucho de tu éxito en ese concurso.","Mi hermana se arrepintió de sus palabras enseguida."],"items":[{"tipo":"que_cambia","oracion_a":"Me alegro mucho de tu éxito en ese concurso.","oracion_b":"Me alegro mucho.","cambio":"Me alegro mucho de tu éxito en ese concurso → Me alegro mucho","opciones":[{"texto":"Se puede quitar y la oración sigue en pie, pero al recuperarlo hay que decir «de eso», con el «de» pegado al verbo.","ok":true,"micro":"Las dos cosas son verdad a la vez: por eso la supresión sola no sirve para decidir nada."},{"texto":"Si se puede quitar, es que no tiene nada que ver con el verbo.","ok":false,"micro":"Prueba a recuperarlo: «me alegro de eso». Ese «de» no se puede quitar ni cambiar, así que sí tiene que ver con el verbo."}]},{"tipo":"manipulacion","manipulacion":"suprime","oracion":"Me alegro mucho de tu éxito en ese concurso.","objetivo":{"texto":"de tu éxito en ese concurso","funcion":"C.Rég."},"opciones":[{"texto":"Sigue funcionando (queda «Me alegro mucho»).","ok":true,"micro":"Se quita y la oración aguanta. Justo por eso esta prueba no decide: los datos añadidos también se quitan."},{"texto":"El verbo queda cojo.","ok":false,"micro":"«Me alegro mucho» es una oración completa: no queda coja."},{"texto":"Cambia de significado.","ok":false,"micro":"Lo esencial no cambia: solo dejamos de decir de qué nos alegramos."}]},{"tipo":"manipulacion","manipulacion":"sustituye","oracion":"Me alegro mucho de tu éxito en ese concurso.","objetivo":{"texto":"de tu éxito en ese concurso","funcion":"C.Rég."},"opciones":[{"texto":"Me alegro mucho de eso.","ok":true,"micro":"Esta es la prueba fuerte: se sustituye por «eso» y el «de» se queda pegado al verbo, sin poder desaparecer ni cambiarse."},{"texto":"Me lo alegro mucho.","ok":false,"micro":"Esa sustitución hace desaparecer el «de», y aquí no puede desaparecer."},{"texto":"Me alegro mucho así.","ok":false,"micro":"«Así» sustituye un dato de manera, y tu éxito no es una manera de alegrarse."}]},{"tipo":"juicio","oracion":"Me alegro mucho.","veredicto":"gramatical","explicacion":"La oración es correcta. Es el aviso central de este reto: quitar el trozo funciona, así que esa prueba no sirve para decidir. La que sirve es la sustitución por «eso» con la preposición pegada al verbo."},{"tipo":"etiqueta_prueba","oracion":"Mi hermana se arrepintió de sus palabras enseguida.","objetivo":{"texto":"de sus palabras","funcion":"C.Rég."},"prueba_id":"PRU-SINT-CREG-01","distractores":["PRU-SINT-CC-01","HEUR-DE-QUE"],"enunciado":"tecnico"}],"zona_gris":false,"metadatos":{"curso_min":"3E","origen_oracion_id":"Me alegro mucho de tu éxito en ese concurso."}}	propio (lote 2 · correctivo: la sustitución por «eso» frente a la supresión)	FALSE	TRUE
